ST0000001,Kincaid,Bearns,7 Florence Street,Dallas,Texas,75205,kbearns0@cnet.com
ST0000002,Abby,Simka,714 Bartelt Plaza,Reading,Pennsylvania,19610,asimka1@reference.com
ST0000003,Gale,Alishoner,5 La Follette Center,Atlanta,Georgia,30316,galishoner2@blog.com
ST0000004,Goddard,Crowhurst,7 Florence Road,Charlotte,North Carolina,28242,gcrowhurst3@addtoany.com
ST0000005,Costa,Fairpo,6237 Fordem Crossing,Hollywood,Florida,33023,cfairpo4@webs.com
ST0000006,Leonerd,Malkin,38714 Scott Plaza,Raleigh,North Carolina,27635,lmalkin5@usgs.gov
ST0000007,Ophelia,Priest,6 Dakota Drive,Atlanta,Georgia,30316,opriest6@wisc.edu
ST0000008,Stephani,Hoy,0 Arrowood Avenue,Mesa,Arizona,85205,shoy7@ovh.net
ST0000009,Thebault,Beville,9257 Sullivan Street,Houston,Texas,77050,tbeville8@domainmarket.com
ST0000010,Morlee,Kaesmans,388 Kennedy Parkway,Riverside,California,92513,mkaesmans9@diigo.com
ST0000011,Harper,Milmore,181 Sunnyside Pass,Washington,District of Columbia,20546,hmilmorea@omniture.com
ST0000012,Merrill,Honisch,3710 Evergreen Way,Sacramento,California,95833,mhonischb@virginia.edu
ST0000013,Maryellen,Wilford,81 Eagan Place,Austin,Texas,78710,mwilfordc@zdnet.com
ST0000014,Kirk,Woodberry,9482 Lighthouse Bay Crossing,Houston,Texas,77080,kwoodberryd@bluehost.com
ST0000015,Pavel,Hellcat,799 Nobel Place,Frankfort,Kentucky,40618,phellcate@lycos.com
ST0000016,Mace,Hassur,75 Bayside Court,Anchorage,Alaska,99517,mhassurf@berkeley.edu
ST0000017,Nathan,Benet,559 Tennessee Park,Washington,District of Columbia,20067,nbenetg@google.de
ST0000018,Kessiah,Tumility,55188 Harper Junction,Miami,Florida,33169,ktumilityh@booking.com
ST0000019,Perry,Kiddell,12348 Swallow Junction,Richmond,Virginia,23285,pkiddelli@moonfruit.com
ST0000020,Henka,Fenwick,63 Fordem Crossing,Louisville,Kentucky,40225,hfenwickj@imdb.com
ST0000021,Kameko,Northcott,762 Dexter Park,Roanoke,Virginia,24009,knorthcottk@acquirethisname.com
ST0000022,Niki,Normaville,72 Brickson Park Drive,Littleton,Colorado,80127,nnormavillel@networkadvertising.org
ST0000023,Janifer,Sturley,497 Victoria Street,Evansville,Indiana,47725,jsturleym@mail.ru
ST0000024,Almeda,Marklin,4753 Russell Crossing,Houston,Texas,77035,amarklinn@salon.com
ST0000025,Angelica,Muriel,2 Derek Street,San Jose,California,95118,amurielo@ed.gov
ST0000026,Farrah,Robertshaw,1609 Maywood Lane,Boulder,Colorado,80328,frobertshawp@jiathis.com
ST0000027,Gardner,Heningam,16590 Amoth Way,West Hartford,Connecticut,6127,gheningamq@ihg.com
ST0000028,Petronille,Tarbert,12 Merrick Road,Charleston,West Virginia,25336,ptarbertr@webeden.co.uk
ST0000029,Lorrayne,O'Scandall,45104 Del Mar Way,Greensboro,North Carolina,27455,loscandalls@chronoengine.com
ST0000030,Jocelin,Liddel,4 Spenser Lane,Los Angeles,California,90040,jliddelt@tinyurl.com
ST0000031,Cordula,O'Codihie,27 Pearson Way,Silver Spring,Maryland,20918,cocodihieu@ucla.edu
ST0000032,Germain,Storry,383 Algoma Pass,Virginia Beach,Virginia,23459,gstorryv@nydailynews.com
ST0000033,Lauree,O'Hannay,86 Monica Trail,Lubbock,Texas,79415,lohannayw@hexun.com
ST0000034,Letti,Scotti,9 Heath Crossing,San Jose,California,95155,lscottix@spiegel.de
ST0000035,Malia,Blucher,77160 Portage Parkway,Watertown,Massachusetts,2472,mbluchery@ucla.edu
ST0000036,Rex,Sedgeworth,6 Bluestem Pass,Washington,District of Columbia,20041,rsedgeworthz@mapy.cz
ST0000037,Delano,Bucknell,94362 3rd Plaza,Tulsa,Oklahoma,74126,dbucknell10@goodreads.com
ST0000038,Lanie,Bacchus,8 Monument Crossing,Davenport,Iowa,52804,lbacchus11@liveinternet.ru
ST0000039,Anissa,Ateggart,1050 Dakota Hill,Baton Rouge,Louisiana,70894,aateggart12@mayoclinic.com
ST0000040,Ines,Tilbey,7 Hansons Trail,San Francisco,California,94177,itilbey13@tripadvisor.com
ST0000041,Gareth,Langstaff,65 Commercial Place,Las Vegas,Nevada,89155,glangstaff14@wufoo.com
ST0000042,Cully,Braisted,3 Burning Wood Trail,Hartford,Connecticut,6120,cbraisted15@trellian.com
ST0000043,Minni,Boynes,2 Sutherland Plaza,Schenectady,New York,12325,mboynes16@webeden.co.uk
ST0000044,Fredi,Gages,5 Annamark Terrace,Panama City,Florida,32405,fgages17@washington.edu
ST0000045,Libbie,Twitching,143 Pennsylvania Lane,Newark,New Jersey,7112,ltwitching18@icio.us
ST0000046,Bertha,Kidgell,73029 Nelson Junction,San Diego,California,92121,bkidgell19@state.tx.us
ST0000047,Nikolai,De Anesy,49 Victoria Junction,Las Vegas,Nevada,89110,ndeanesy1a@multiply.com
ST0000048,Ulrike,Selliman,714 Nobel Park,Saint Louis,Missouri,63150,uselliman1b@sbwire.com
ST0000049,Ester,Jurasz,0 Oak Valley Junction,New York City,New York,10170,ejurasz1c@patch.com
ST0000050,Leshia,Gowans,785 Golf Park,El Paso,Texas,79928,lgowans1d@epa.gov
ST0000051,Jamima,Loseke,46 Golden Leaf Parkway,Miami,Florida,33147,jloseke1e@salon.com
ST0000052,Marve,Blankman,8719 Jay Hill,New Castle,Pennsylvania,16107,mblankman1f@boston.com
ST0000053,Sergeant,Newsome,84 Fallview Plaza,Des Moines,Iowa,50320,snewsome1g@mayoclinic.com
ST0000054,Amy,Kaygill,6 Debs Center,San Jose,California,95194,akaygill1h@1und1.de
ST0000055,Friedrich,Casale,48 Sommers Pass,Birmingham,Alabama,35210,fcasale1i@mayoclinic.com
ST0000056,Gladys,MacCaffery,4 Stone Corner Avenue,Washington,District of Columbia,20005,gmaccaffery1j@netlog.com
ST0000057,Fitz,Sowter,23 Judy Parkway,Billings,Montana,59112,fsowter1k@nbcnews.com
ST0000058,Lucretia,Joriot,41 Crest Line Crossing,Pocatello,Idaho,83206,ljoriot1l@washington.edu
ST0000059,Bev,Harrow,3 Utah Drive,White Plains,New York,10633,bharrow1m@skyrock.com
ST0000060,Glenine,MacAughtrie,88 Knutson Point,Austin,Texas,78744,gmacaughtrie1n@samsung.com
ST0000061,Jorrie,Childrens,830 Ridge Oak Trail,Naples,Florida,34108,jchildrens1o@adobe.com
ST0000062,Spenser,Twining,573 Chinook Center,Louisville,Kentucky,40287,stwining1p@hibu.com
ST0000063,Barbabas,Keddie,622 Mallory Way,Indianapolis,Indiana,46295,bkeddie1q@apple.com
ST0000064,Shell,MacSporran,495 Birchwood Terrace,Spokane,Washington,99205,smacsporran1r@tumblr.com
ST0000065,Charline,Dybell,55698 Atwood Lane,Southfield,Michigan,48076,cdybell1s@alibaba.com
ST0000066,Hans,Lilloe,4917 Fremont Drive,Washington,District of Columbia,20436,hlilloe1t@wikimedia.org
ST0000067,Ofilia,Shorey,78124 Ronald Regan Junction,Lubbock,Texas,79452,oshorey1u@sourceforge.net
ST0000068,Niel,Gullyes,89 Sommers Circle,Austin,Texas,78764,ngullyes1v@telegraph.co.uk
ST0000069,Blaine,Kettlewell,8 Namekagon Road,Lexington,Kentucky,40581,bkettlewell1w@infoseek.co.jp
ST0000070,Carlene,Wavish,9213 Nova Avenue,San Diego,California,92145,cwavish1x@purevolume.com
ST0000071,Elsinore,Naldrett,495 5th Center,Richmond,Virginia,23293,enaldrett1y@europa.eu
ST0000072,Lisabeth,Abbott,5916 Superior Road,Washington,District of Columbia,20392,labbott1z@slate.com
ST0000073,Curcio,Stiegar,885 Monterey Junction,San Diego,California,92176,cstiegar20@npr.org
ST0000074,Marguerite,Drohun,8634 Dennis Junction,Sacramento,California,94257,mdrohun21@parallels.com
ST0000075,Modestia,Wheble,7 Bellgrove Alley,Kansas City,Missouri,64193,mwheble22@icq.com
ST0000076,Guilbert,Speddin,60 Upham Place,Wichita,Kansas,67260,gspeddin23@unicef.org
ST0000077,Chancey,Copland,9184 Meadow Ridge Center,Chicago,Illinois,60669,ccopland24@google.com
ST0000078,Scottie,Fforde,77 Holy Cross Parkway,Oklahoma City,Oklahoma,73173,sfforde25@yahoo.com
ST0000079,Harley,Longfut,30389 Ilene Trail,Memphis,Tennessee,38188,hlongfut26@nymag.com
ST0000080,Gaylor,Chadderton,48347 Mockingbird Junction,Washington,District of Columbia,20319,gchadderton27@simplemachines.org
ST0000081,Bonnibelle,Rayne,988 Graedel Circle,Baltimore,Maryland,21239,brayne28@yale.edu
ST0000082,Chaim,Lilburne,882 Grover Point,Las Vegas,Nevada,89110,clilburne29@fastcompany.com
ST0000083,Crystal,Feldon,803 Fisk Center,Paterson,New Jersey,7505,cfeldon2a@stanford.edu
ST0000084,Karlis,McParland,7060 Shasta Terrace,Shreveport,Louisiana,71151,kmcparland2b@jalbum.net
ST0000085,Lu,Probbin,5 Northfield Point,San Jose,California,95128,lprobbin2c@1und1.de
ST0000086,Blondy,Hawler,8 Anderson Trail,Waterbury,Connecticut,6705,bhawler2d@java.com
ST0000087,Gracie,Kyrkeman,4365 Sundown Avenue,Syracuse,New York,13224,gkyrkeman2e@columbia.edu
ST0000088,Mannie,MacKean,89953 Rutledge Parkway,Riverside,California,92519,mmackean2f@lulu.com
ST0000089,Barbey,Crowche,5 Forster Hill,Seattle,Washington,98109,bcrowche2g@acquirethisname.com
ST0000090,Kele,Sleeny,42 7th Center,Pompano Beach,Florida,33069,ksleeny2h@usnews.com
ST0000091,Sissie,Cubley,5039 Vidon Hill,Austin,Texas,78737,scubley2i@economist.com
ST0000092,Hernando,Nenci,141 Stang Plaza,Sacramento,California,95828,hnenci2j@usatoday.com
ST0000093,Romain,Graal,426 Weeping Birch Park,Beaumont,Texas,77713,rgraal2k@studiopress.com
ST0000094,Rutherford,Goundsy,1127 Cambridge Lane,Wichita,Kansas,67220,rgoundsy2l@privacy.gov.au
ST0000095,Ezequiel,Bodechon,3767 Bunker Hill Crossing,Huntsville,Alabama,35895,ebodechon2m@europa.eu
ST0000096,Analise,Di Boldi,88 Drewry Street,Boise,Idaho,83705,adiboldi2n@theguardian.com
ST0000097,Brinna,Denison,8 Anderson Avenue,Metairie,Louisiana,70005,bdenison2o@pbs.org
ST0000098,Irwinn,Padfield,8 Summer Ridge Center,Milwaukee,Wisconsin,53220,ipadfield2p@vimeo.com
ST0000099,Khalil,Gartenfeld,56304 Fairview Center,Mobile,Alabama,36689,kgartenfeld2q@mysql.com
ST0000100,Ginger,Rochford,81 Scott Drive,Florence,South Carolina,29505,grochford2r@ustream.tv
ST0000101,Eba,Guion,0 Lake View Junction,Erie,Pennsylvania,16522,eguion2s@time.com
ST0000102,Patten,Cheek,78013 Carpenter Hill,Birmingham,Alabama,35236,pcheek2t@mapy.cz
ST0000103,Barron,Gratrex,25639 Garrison Circle,Raleigh,North Carolina,27605,bgratrex2u@sfgate.com
ST0000104,Karita,Grummitt,1 Burrows Parkway,San Bernardino,California,92424,kgrummitt2v@china.com.cn
ST0000105,Joseito,Forrest,72322 Center Alley,El Paso,Texas,88584,jforrest2w@ifeng.com
ST0000106,Maurie,Woodings,6 Oak Pass,Charleston,West Virginia,25331,mwoodings2x@typepad.com
ST0000107,Cinderella,Palfrie,5 Forest Parkway,Hartford,Connecticut,6120,cpalfrie2y@paginegialle.it
ST0000108,Ronni,Gethins,4 Quincy Avenue,Charlotte,North Carolina,28263,rgethins2z@youku.com
ST0000109,Ludovico,Eddie,27 Helena Point,San Antonio,Texas,78240,leddie30@usatoday.com
ST0000110,Henriette,Meagh,98531 Westerfield Lane,El Paso,Texas,79923,hmeagh31@businessweek.com
ST0000111,Franciskus,Brade,18023 Spenser Road,Saint Louis,Missouri,63158,fbrade32@blogtalkradio.com
ST0000112,Hillier,Jinks,47913 Heath Pass,Portland,Oregon,97286,hjinks33@amazon.co.jp
ST0000113,Brenn,Baskwell,38501 Carey Pass,New Haven,Connecticut,6510,bbaskwell34@about.com
ST0000114,Ronnie,Biaggioli,427 Forest Run Place,Waco,Texas,76711,rbiaggioli35@privacy.gov.au
ST0000115,Janna,Kemmis,72 Moose Center,El Paso,Texas,79916,jkemmis36@wp.com
ST0000116,Buffy,Cuttle,7055 Summer Ridge Alley,Sacramento,California,94263,bcuttle37@smugmug.com
ST0000117,Aurie,Demchen,65 Emmet Crossing,Chicago,Illinois,60686,ademchen38@youtube.com
ST0000118,Murielle,Deery,1 Chive Plaza,Albuquerque,New Mexico,87115,mdeery39@prlog.org
ST0000119,Luise,Larkins,69 Coolidge Place,Columbus,Georgia,31998,llarkins3a@photobucket.com
ST0000120,Manny,Jorden,77 Mockingbird Point,Vancouver,Washington,98682,mjorden3b@army.mil
ST0000121,Abigael,Mapp,33695 Victoria Center,Aiken,South Carolina,29805,amapp3c@angelfire.com
ST0000122,Bryanty,Ganning,7581 Comanche Court,Lexington,Kentucky,40576,bganning3d@eepurl.com
ST0000123,Orren,Ferber,8 Coleman Center,Austin,Texas,78703,oferber3e@printfriendly.com
ST0000124,Marthena,Maund,4 Northwestern Street,Dallas,Texas,75367,mmaund3f@example.com
ST0000125,Lorine,Heister,669 Namekagon Way,Hamilton,Ohio,45020,lheister3g@bbb.org
ST0000126,Heather,Lyfield,7727 Barby Court,Denver,Colorado,80279,hlyfield3h@tmall.com
ST0000127,Rozina,Lyddyard,5899 Maple Park,Columbus,Ohio,43240,rlyddyard3i@360.cn
ST0000128,Ambrosi,Featherbie,7 Claremont Way,San Francisco,California,94147,afeatherbie3j@bigcartel.com
ST0000129,Karney,Tommei,47 Logan Road,Olympia,Washington,98516,ktommei3k@github.io
ST0000130,Joanne,Yewdall,73 Luster Point,Ogden,Utah,84409,jyewdall3l@naver.com
ST0000131,Maynord,Dungee,3 Glendale Road,Louisville,Kentucky,40220,mdungee3m@nytimes.com
ST0000132,Vivianna,Gerrelts,8628 Doe Crossing Court,Peoria,Illinois,61629,vgerrelts3n@fema.gov
ST0000133,Mufi,Impey,3 Northwestern Circle,Arlington,Virginia,22212,mimpey3o@moonfruit.com
ST0000134,Selie,Myrtle,756 Donald Plaza,Scranton,Pennsylvania,18514,smyrtle3p@rambler.ru
ST0000135,Meaghan,Walczak,24767 Kenwood Plaza,Midland,Texas,79710,mwalczak3q@economist.com
ST0000136,Jonell,Philpin,7815 Fair Oaks Crossing,Atlanta,Georgia,30358,jphilpin3r@apple.com
ST0000137,Gabi,Evason,17 Tennessee Junction,Phoenix,Arizona,85072,gevason3s@networkadvertising.org
ST0000138,Yule,Tankin,4964 American Parkway,Columbus,Ohio,43231,ytankin3t@japanpost.jp
ST0000139,Carie,Polding,78 Sauthoff Court,Abilene,Texas,79605,cpolding3u@w3.org
ST0000140,Reagan,Yonnie,1 Ohio Parkway,Philadelphia,Pennsylvania,19141,ryonnie3v@narod.ru
ST0000141,Julietta,Throssell,5 Iowa Parkway,Washington,District of Columbia,20470,jthrossell3w@pcworld.com
ST0000142,Alie,Weedenburg,40414 Bartelt Park,Vancouver,Washington,98687,aweedenburg3x@chicagotribune.com
ST0000143,Eirena,Waberer,402 Scott Alley,Denver,Colorado,80241,ewaberer3y@bluehost.com
ST0000144,Mandie,Ruddock,9100 Veith Place,Manchester,New Hampshire,3105,mruddock3z@google.ru
ST0000145,Demetri,Portriss,21318 Anderson Place,San Bernardino,California,92405,dportriss40@miibeian.gov.cn
ST0000146,Jobie,Doxey,3873 Scott Park,Wichita,Kansas,67210,jdoxey41@biglobe.ne.jp
ST0000147,Halie,Loosley,92 Lake View Court,Odessa,Texas,79764,hloosley42@theguardian.com
ST0000148,Rafi,Strippel,3 Dennis Parkway,New York City,New York,10045,rstrippel43@globo.com
ST0000149,Rosemary,Vicar,3 Dexter Court,Charlotte,North Carolina,28284,rvicar44@tamu.edu
ST0000150,Adams,Mager,57 Laurel Road,Mount Vernon,New York,10557,amager45@illinois.edu
ST0000151,Daria,MacNeilley,4026 Golf Circle,Philadelphia,Pennsylvania,19172,dmacneilley46@wunderground.com
ST0000152,Elisha,Guinery,2605 Lakewood Street,Tampa,Florida,33633,eguinery47@4shared.com
ST0000153,Susy,Lamar,46374 Drewry Avenue,Dallas,Texas,75265,slamar48@nasa.gov
ST0000154,Edi,Gentil,21 Golf Avenue,Fort Lauderdale,Florida,33320,egentil49@pagesperso-orange.fr
ST0000155,Karl,Jedrzejewski,3032 Roxbury Alley,Norfolk,Virginia,23520,kjedrzejewski4a@cloudflare.com
ST0000156,Ursala,Cluderay,5 Eliot Park,Garden Grove,California,92844,ucluderay4b@so-net.ne.jp
ST0000157,Garrott,Cornels,79442 Pleasure Parkway,Youngstown,Ohio,44511,gcornels4c@kickstarter.com
ST0000158,Jo-ann,Weadick,5 Haas Avenue,Pensacola,Florida,32595,jweadick4d@jigsy.com
ST0000159,Orsola,Gyde,667 Red Cloud Park,Detroit,Michigan,48206,ogyde4e@bloomberg.com
ST0000160,Jilli,Tedahl,17826 Fair Oaks Drive,Jefferson City,Missouri,65110,jtedahl4f@who.int
ST0000161,Stewart,Robertsson,750 Mandrake Lane,Portland,Oregon,97286,srobertsson4g@twitter.com
ST0000162,Nathanael,Geake,5 Everett Hill,Portland,Oregon,97221,ngeake4h@amazon.de
ST0000163,Muffin,Kleisle,9170 Crest Line Crossing,San Rafael,California,94913,mkleisle4i@last.fm
ST0000164,Olimpia,Tours,2767 Blackbird Crossing,Alhambra,California,91841,otours4j@answers.com
ST0000165,Edouard,Derbyshire,8 Goodland Alley,El Paso,Texas,88514,ederbyshire4k@ox.ac.uk
ST0000166,Sheridan,Nunns,97 Hovde Alley,North Las Vegas,Nevada,89036,snunns4l@google.co.jp
ST0000167,Charmane,Benny,79 Mcbride Drive,Omaha,Nebraska,68134,cbenny4m@github.io
ST0000168,Petronia,Pennycuick,84909 Gale Place,Orlando,Florida,32854,ppennycuick4n@cyberchimps.com
ST0000169,Roland,Delicate,59940 Macpherson Way,Albany,New York,12242,rdelicate4o@youku.com
ST0000170,Benito,Eastam,5 Eagle Crest Plaza,Mesa,Arizona,85205,beastam4p@bing.com
ST0000171,Bernete,Sexon,5374 Harbort Drive,Springfield,Massachusetts,1129,bsexon4q@lycos.com
ST0000172,Linn,Charopen,68 School Center,Phoenix,Arizona,85010,lcharopen4r@plala.or.jp
ST0000173,Robers,Dymidowicz,0 Village Green Drive,Birmingham,Alabama,35225,rdymidowicz4s@hao123.com
ST0000174,Emmeline,Grassett,5 Truax Park,Shreveport,Louisiana,71151,egrassett4t@opera.com
ST0000175,Gloriana,Olsen,8713 Kipling Junction,Columbia,South Carolina,29208,golsen4u@trellian.com
ST0000176,Tracy,Maffini,997 Crownhardt Trail,Lubbock,Texas,79410,tmaffini4v@google.com.au
ST0000177,Biddie,Speller,22118 Carpenter Hill,Sacramento,California,94245,bspeller4w@geocities.jp
ST0000178,Ephrayim,Clew,13309 Tennyson Pass,Monticello,Minnesota,55565,eclew4x@mozilla.org
ST0000179,Agnella,Syratt,3949 Meadow Valley Circle,Annapolis,Maryland,21405,asyratt4y@behance.net
ST0000180,Fairlie,Swadon,880 Melby Lane,Monroe,Louisiana,71213,fswadon4z@alexa.com
ST0000181,Manda,Bennie,184 Mitchell Crossing,New York City,New York,10045,mbennie50@reference.com
ST0000182,Jordanna,Zanutti,389 Summerview Avenue,Sioux Falls,South Dakota,57188,jzanutti51@fc2.com
ST0000183,Stormy,Stirley,59 Ronald Regan Crossing,Detroit,Michigan,48258,sstirley52@theguardian.com
ST0000184,Hanan,De Vile,77 Merry Drive,Saint Augustine,Florida,32092,hdevile53@taobao.com
ST0000185,Sherman,Clines,715 Sundown Crossing,Saint Petersburg,Florida,33737,sclines54@fema.gov
ST0000186,Harcourt,Shaxby,47764 Melvin Place,Racine,Wisconsin,53405,hshaxby55@indiatimes.com
ST0000187,Faber,Everett,22 American Circle,Albany,New York,12242,feverett56@mapquest.com
ST0000188,Albertina,Keniwell,93 Stuart Street,Buffalo,New York,14205,akeniwell57@independent.co.uk
ST0000189,Pietra,Copp,115 Doe Crossing Plaza,Santa Ana,California,92725,pcopp58@furl.net
ST0000190,Batholomew,Steabler,454 Moose Junction,Homestead,Florida,33034,bsteabler59@furl.net
ST0000191,Dallon,Woolley,8049 Vera Alley,Worcester,Massachusetts,1610,dwoolley5a@timesonline.co.uk
ST0000192,Jodie,Gothard,67130 8th Way,Shawnee Mission,Kansas,66215,jgothard5b@myspace.com
ST0000193,Christine,Backwell,21 Debra Plaza,Young America,Minnesota,55557,cbackwell5c@sakura.ne.jp
ST0000194,Elonore,Rizzello,9 Talisman Court,Boynton Beach,Florida,33436,erizzello5d@google.ca
ST0000195,Conan,Winfield,3095 Holmberg Junction,Huntington,West Virginia,25770,cwinfield5e@ucsd.edu
ST0000196,Saleem,Goffe,7040 Dottie Terrace,Lancaster,Pennsylvania,17622,sgoffe5f@homestead.com
ST0000197,Ethan,Dyson,5123 Heffernan Drive,New York City,New York,10260,edyson5g@spiegel.de
ST0000198,Dion,Alentyev,4884 Village Place,Fort Worth,Texas,76121,dalentyev5h@photobucket.com
ST0000199,Sherri,Leghorn,4 Washington Crossing,Lincoln,Nebraska,68524,sleghorn5i@ox.ac.uk
ST0000200,Gaultiero,Edel,8 Glacier Hill Alley,Boston,Massachusetts,2114,gedel5j@nsw.gov.au
ST0000201,Valeda,Espadero,7 Lerdahl Point,Akron,Ohio,44321,vespadero5k@google.fr
ST0000202,Roderich,Spiteri,57 Harper Park,Las Vegas,Nevada,89150,rspiteri5l@nasa.gov
ST0000203,Wolf,Hawthorn,4752 Northland Plaza,Fargo,North Dakota,58106,whawthorn5m@taobao.com
ST0000204,Job,Perkins,451 Dexter Point,Miami,Florida,33233,jperkins5n@ox.ac.uk
ST0000205,Juliette,Birrel,7 Blue Bill Park Park,Portsmouth,Virginia,23705,jbirrel5o@1688.com
ST0000206,Mella,Dallimare,104 Rockefeller Pass,New York City,New York,10280,mdallimare5p@hc360.com
ST0000207,Rosaleen,Warlock,19684 Barnett Junction,Houston,Texas,77065,rwarlock5q@illinois.edu
ST0000208,Rianon,Kaindl,480 Corben Street,Van Nuys,California,91406,rkaindl5r@theatlantic.com
ST0000209,Fletcher,Longhorne,64 Bluestem Circle,Savannah,Georgia,31422,flonghorne5s@merriam-webster.com
ST0000210,Ericha,Micklewicz,175 Marquette Terrace,Cleveland,Ohio,44177,emicklewicz5t@miibeian.gov.cn
ST0000211,Pru,Grabbam,60707 Mccormick Junction,Littleton,Colorado,80161,pgrabbam5u@arstechnica.com
ST0000212,Libby,Hiorn,84333 Meadow Vale Hill,Glendale,California,91205,lhiorn5v@jigsy.com
ST0000213,Ernst,Stidson,75151 Springs Place,New York City,New York,10270,estidson5w@slideshare.net
ST0000214,Lorin,Knolles-Green,58 Ohio Pass,Portland,Oregon,97216,lknollesgreen5x@bing.com
ST0000215,Glynn,Jans,287 Waywood Street,Tulsa,Oklahoma,74156,gjans5y@artisteer.com
ST0000216,Stepha,Adamovitch,784 Bultman Plaza,Wichita,Kansas,67210,sadamovitch5z@ning.com
ST0000217,Julianna,Cossem,4 Holy Cross Center,Maple Plain,Minnesota,55572,jcossem60@dmoz.org
ST0000218,Thomasine,Graffin,129 Grim Lane,Burbank,California,91505,tgraffin61@apache.org
ST0000219,Edita,Cantua,80 Welch Court,Roanoke,Virginia,24029,ecantua62@buzzfeed.com
ST0000220,Leola,Gullis,63105 Weeping Birch Junction,Garland,Texas,75044,lgullis63@freewebs.com
ST0000221,Brena,Scirman,9 Lakewood Gardens Alley,Marietta,Georgia,30061,bscirman64@prnewswire.com
ST0000222,Brad,Wakelam,434 Sommers Terrace,Cambridge,Massachusetts,2142,bwakelam65@loc.gov
ST0000223,Lesley,Cocking,99537 Dryden Plaza,Spartanburg,South Carolina,29305,lcocking66@opera.com
ST0000224,Hart,Rickeard,8 Fair Oaks Avenue,Idaho Falls,Idaho,83405,hrickeard67@instagram.com
ST0000225,Nickola,Silbersak,96569 Express Way,El Paso,Texas,79950,nsilbersak68@wordpress.org
ST0000226,Taryn,Kobisch,7 Eliot Junction,Wilkes Barre,Pennsylvania,18706,tkobisch69@google.ru
ST0000227,Park,Hynes,642 Amoth Drive,Mobile,Alabama,36610,phynes6a@seattletimes.com
ST0000228,Renelle,Biasioni,982 Dryden Avenue,Fort Lauderdale,Florida,33355,rbiasioni6b@microsoft.com
ST0000229,Tildi,Yair,862 Emmet Center,Topeka,Kansas,66667,tyair6c@opera.com
ST0000230,Bartel,Chapleo,8 Marcy Crossing,Wichita,Kansas,67220,bchapleo6d@gnu.org
ST0000231,Ulrika,Blaydon,63 Holmberg Junction,Mesquite,Texas,75185,ublaydon6e@eventbrite.com
ST0000232,Adina,Sherry,7 Montana Point,Sacramento,California,95823,asherry6f@pen.io
ST0000233,Lela,Tale,525 Derek Lane,Morgantown,West Virginia,26505,ltale6g@dyndns.org
ST0000234,Belicia,Hampton,75887 Gale Street,Omaha,Nebraska,68105,bhampton6h@clickbank.net
ST0000235,Violetta,Sewter,6 Westerfield Road,Pittsburgh,Pennsylvania,15286,vsewter6i@jiathis.com
ST0000236,Nelli,Harken,99 Center Street,Irving,Texas,75037,nharken6j@wired.com
ST0000237,Sashenka,Grishanov,453 Melby Way,Alhambra,California,91841,sgrishanov6k@chicagotribune.com
ST0000238,Catharina,Skellion,481 Golf View Way,Tampa,Florida,33686,cskellion6l@usatoday.com
ST0000239,Hube,Greedy,3 Waubesa Road,Anaheim,California,92825,hgreedy6m@unicef.org
ST0000240,Mayor,Hartshorn,8 Debra Trail,Pittsburgh,Pennsylvania,15210,mhartshorn6n@163.com
ST0000241,Nickie,Kirkby,3715 Buena Vista Point,Colorado Springs,Colorado,80951,nkirkby6o@about.com
ST0000242,Katheryn,Stroobant,79 Gale Court,Phoenix,Arizona,85040,kstroobant6p@comcast.net
ST0000243,Christyna,Romaine,26243 1st Lane,Beaumont,Texas,77713,cromaine6q@google.cn
ST0000244,Marchelle,Thompstone,798 North Park,El Paso,Texas,79968,mthompstone6r@soundcloud.com
ST0000245,Selig,Blackeby,39978 Loomis Road,Detroit,Michigan,48242,sblackeby6s@ft.com
ST0000246,Riva,Gallahar,4 Elka Junction,Mobile,Alabama,36616,rgallahar6t@delicious.com
ST0000247,Ethelred,Headland,3 Buena Vista Junction,Grand Junction,Colorado,81505,eheadland6u@loc.gov
ST0000248,Griz,Mingardi,88 Helena Parkway,Jacksonville,Florida,32204,gmingardi6v@answers.com
ST0000249,Luella,Cheales,16 Helena Terrace,Dallas,Texas,75287,lcheales6w@umich.edu
ST0000250,Nannette,Boyat,9730 Bowman Point,Las Vegas,Nevada,89130,nboyat6x@e-recht24.de
ST0000251,Parry,Dallmann,46488 Corry Alley,Memphis,Tennessee,38104,pdallmann6y@google.ru
ST0000252,Bamby,Sayce,419 Carberry Park,Mobile,Alabama,36670,bsayce6z@wix.com
ST0000253,Farra,Etienne,197 Comanche Trail,Seattle,Washington,98140,fetienne70@people.com.cn
ST0000254,Jacquetta,Poynzer,99204 Tomscot Road,Killeen,Texas,76544,jpoynzer71@cdbaby.com
ST0000255,Dirk,Stenton,7 Kim Plaza,Cincinnati,Ohio,45228,dstenton72@slideshare.net
ST0000256,Nestor,Jerdein,840 Nobel Center,Athens,Georgia,30610,njerdein73@amazonaws.com
ST0000257,Dory,Auchinleck,43 Dwight Drive,San Bernardino,California,92405,dauchinleck74@earthlink.net
ST0000258,Carita,Howat,9437 Anthes Place,Ventura,California,93005,chowat75@freewebs.com
ST0000259,Udall,Goodredge,754 Myrtle Terrace,Bronx,New York,10464,ugoodredge76@comsenz.com
ST0000260,Erek,Iwanicki,58 Prairie Rose Road,Shawnee Mission,Kansas,66215,eiwanicki77@purevolume.com
ST0000261,Barbabra,McKennan,461 Welch Alley,Lincoln,Nebraska,68524,bmckennan78@apple.com
ST0000262,Steve,Arton,5 Mayer Terrace,Boca Raton,Florida,33432,sarton79@va.gov
ST0000263,Kellyann,Maving,970 Express Terrace,Charlotte,North Carolina,28284,kmaving7a@ucoz.com
ST0000264,Frank,Sparshatt,5310 Veith Circle,Lansing,Michigan,48912,fsparshatt7b@yolasite.com
ST0000265,Glynis,Martinon,340 Artisan Trail,Tucson,Arizona,85737,gmartinon7c@unblog.fr
ST0000266,Gus,Baudy,89 Mccormick Trail,Portland,Oregon,97296,gbaudy7d@businessinsider.com
ST0000267,Fonz,Over,8268 Raven Parkway,Washington,District of Columbia,20210,fover7e@bloglines.com
ST0000268,Esdras,Schuster,44 Saint Paul Place,New York City,New York,10125,eschuster7f@parallels.com
ST0000269,Blane,Gosselin,9 Calypso Junction,Miami,Florida,33190,bgosselin7g@seattletimes.com
ST0000270,Eli,Stephens,663 Blue Bill Park Road,Alexandria,Louisiana,71307,estephens7h@spiegel.de
ST0000271,Mervin,Peskin,45127 Hansons Point,Washington,District of Columbia,20010,mpeskin7i@php.net
ST0000272,Linet,Kensit,400 Russell Street,Kissimmee,Florida,34745,lkensit7j@weibo.com
ST0000273,Mabelle,Wellbelove,50 Mccormick Road,Rochester,New York,14614,mwellbelove7k@free.fr
ST0000274,Israel,Taudevin,58 Steensland Drive,Minneapolis,Minnesota,55402,itaudevin7l@pbs.org
ST0000275,Kevan,Caton,70 Oneill Parkway,Killeen,Texas,76544,kcaton7m@ycombinator.com
ST0000276,Jeri,Bennitt,38 Thompson Place,Topeka,Kansas,66642,jbennitt7n@toplist.cz
ST0000277,Patrice,Hubbocks,45 Dorton Trail,Minneapolis,Minnesota,55412,phubbocks7o@hexun.com
ST0000278,Blinny,Dews,3 Dottie Place,Fort Wayne,Indiana,46896,bdews7p@bizjournals.com
ST0000279,Renie,O'Fergus,1796 Golf Course Terrace,Fresno,California,93704,rofergus7q@noaa.gov
ST0000280,Dorolice,Mandel,79 3rd Point,Fairfax,Virginia,22036,dmandel7r@google.es
ST0000281,Alica,Echalier,1302 Schlimgen Avenue,Knoxville,Tennessee,37931,aechalier7s@home.pl
ST0000282,Storm,Dowsey,8 Westerfield Way,Los Angeles,California,90189,sdowsey7t@weibo.com
ST0000283,Harwilll,Levene,263 Nevada Parkway,Toledo,Ohio,43666,hlevene7u@51.la
ST0000284,Cort,Dufaur,8379 La Follette Place,Buffalo,New York,14263,cdufaur7v@ox.ac.uk
ST0000285,Pace,Whaley,38992 Loomis Street,Fargo,North Dakota,58122,pwhaley7w@geocities.com
ST0000286,Hilary,Banger,813 Vera Alley,Greensboro,North Carolina,27415,hbanger7x@scientificamerican.com
ST0000287,Abraham,Morad,15731 Judy Avenue,Corona,California,92878,amorad7y@shop-pro.jp
ST0000288,Audrey,Abys,994 Briar Crest Hill,Arlington,Texas,76096,aabys7z@icio.us
ST0000289,Carolann,Lavin,45 Lakewood Gardens Way,Oakland,California,94616,clavin80@fastcompany.com
ST0000290,Costanza,McArd,314 Arkansas Circle,Pittsburgh,Pennsylvania,15266,cmcard81@imageshack.us
ST0000291,Jacky,Dunkerton,6 Evergreen Lane,Jacksonville,Florida,32209,jdunkerton82@pcworld.com
ST0000292,Demott,Acutt,4289 5th Hill,Henderson,Nevada,89012,dacutt83@unicef.org
ST0000293,Elmore,Terrington,2 Longview Place,Oklahoma City,Oklahoma,73114,eterrington84@wunderground.com
ST0000294,Neda,Ebi,2 Dapin Trail,San Bernardino,California,92405,nebi85@aol.com
ST0000295,Annabell,Filintsev,6 Arrowood Circle,New York City,New York,10004,afilintsev86@dedecms.com
ST0000296,Jandy,Birtwistle,250 Saint Paul Junction,Springfield,Massachusetts,1105,jbirtwistle87@dyndns.org
ST0000297,Aigneis,Nind,6882 Veith Circle,Ann Arbor,Michigan,48107,anind88@opera.com
ST0000298,Juliann,Greaser,3033 Redwing Parkway,Tacoma,Washington,98447,jgreaser89@cornell.edu
ST0000299,Imelda,Gruszczak,5895 Stoughton Avenue,San Antonio,Texas,78205,igruszczak8a@etsy.com
ST0000300,Alanson,Obee,347 Fairfield Terrace,Irvine,California,92612,aobee8b@wp.com
ST0000301,Rodrick,Saltrese,10742 Talisman Drive,Shawnee Mission,Kansas,66220,rsaltrese8c@plala.or.jp
ST0000302,Burch,Gosse,85 Golden Leaf Trail,Las Vegas,Nevada,89160,bgosse8d@google.ru
ST0000303,Tandy,Bushell,77637 Bunting Street,Winston Salem,North Carolina,27110,tbushell8e@ifeng.com
ST0000304,Gigi,Gilpillan,1193 Gulseth Pass,Brooklyn,New York,11231,ggilpillan8f@toplist.cz
ST0000305,Early,Henriet,948 Sunfield Parkway,Phoenix,Arizona,85045,ehenriet8g@yale.edu
ST0000306,Renell,Lenchenko,170 Hermina Place,Waterbury,Connecticut,6705,rlenchenko8h@cnet.com
ST0000307,Pansie,Hanscombe,8949 Melby Junction,Maple Plain,Minnesota,55579,phanscombe8i@java.com
ST0000308,June,Hanaford,484 Anzinger Pass,South Lake Tahoe,California,96154,jhanaford8j@elpais.com
ST0000309,Jackelyn,Bock,88094 Dahle Place,Evansville,Indiana,47719,jbock8k@forbes.com
ST0000310,Sophronia,Mattschas,9 Kings Center,Kansas City,Missouri,64187,smattschas8l@sogou.com
ST0000311,Kile,Grima,63440 Dapin Hill,Los Angeles,California,90055,kgrima8m@amazon.co.uk
ST0000312,Solomon,Witt,2796 Cambridge Pass,Gaithersburg,Maryland,20883,switt8n@go.com
ST0000313,Sallyann,Jollye,9663 Erie Trail,Saint Louis,Missouri,63180,sjollye8o@parallels.com
ST0000314,Jesse,Guterson,25 American Avenue,Akron,Ohio,44315,jguterson8p@huffingtonpost.com
ST0000315,Dannye,Shimuk,41 Stuart Hill,Shawnee Mission,Kansas,66210,dshimuk8q@g.co
ST0000316,Eula,Warsap,80218 Di Loreto Trail,Springfield,Massachusetts,1105,ewarsap8r@ifeng.com
ST0000317,Aharon,Swanbourne,9531 Hanover Street,Pueblo,Colorado,81005,aswanbourne8s@latimes.com
ST0000318,Erroll,O'Heneghan,77 Twin Pines Way,Lake Charles,Louisiana,70607,eoheneghan8t@sina.com.cn
ST0000319,Griz,Fettis,8860 Service Center,Hartford,Connecticut,6105,gfettis8u@springer.com
ST0000320,Odella,Bolderoe,527 Katie Drive,Akron,Ohio,44393,obolderoe8v@ucoz.com
ST0000321,Silvia,Brehaut,818 Ilene Park,Falls Church,Virginia,22047,sbrehaut8w@i2i.jp
ST0000322,Sibella,Kibbye,1277 Milwaukee Hill,Kansas City,Missouri,64187,skibbye8x@123-reg.co.uk
ST0000323,Minetta,Salery,972 Utah Junction,Wilmington,Delaware,19892,msalery8y@phpbb.com
ST0000324,Jessamine,Roblett,2234 North Alley,Wichita,Kansas,67260,jroblett8z@yolasite.com
ST0000325,Tomasine,Bernaldez,1 Mcguire Drive,Elmira,New York,14905,tbernaldez90@marriott.com
ST0000326,Adham,Smurfit,9455 Hermina Avenue,Milwaukee,Wisconsin,53220,asmurfit91@reverbnation.com
ST0000327,Brand,Baltrushaitis,68 Dennis Circle,Anaheim,California,92825,bbaltrushaitis92@nasa.gov
ST0000328,Bartram,Acory,3498 Dovetail Circle,Joliet,Illinois,60435,bacory93@hatena.ne.jp
ST0000329,Adriana,Keers,2024 Nobel Circle,Corpus Christi,Texas,78465,akeers94@prlog.org
ST0000330,Gilbertine,Frake,42996 Merrick Junction,Washington,District of Columbia,20456,gfrake95@economist.com
ST0000331,Jae,Penylton,1 Algoma Court,Tucson,Arizona,85732,jpenylton96@sourceforge.net
ST0000332,Rozanne,Shippam,128 South Pass,Green Bay,Wisconsin,54313,rshippam97@bloglovin.com
ST0000333,Caroljean,Speake,5652 Bowman Park,San Diego,California,92165,cspeake98@last.fm
ST0000334,Gusta,MacEveley,88714 Namekagon Junction,Fort Wayne,Indiana,46896,gmaceveley99@gov.uk
ST0000335,Ethe,Drohane,23051 Magdeline Terrace,Wilmington,Delaware,19805,edrohane9a@bravesites.com
ST0000336,Iggie,Hearmon,0 Huxley Terrace,Tacoma,Washington,98442,ihearmon9b@thetimes.co.uk
ST0000337,Bette,Chooter,68613 Golf Course Parkway,Raleigh,North Carolina,27621,bchooter9c@so-net.ne.jp
ST0000338,Urban,Alywen,28 Moland Center,Gastonia,North Carolina,28055,ualywen9d@gravatar.com
ST0000339,Skye,Brightman,2656 Harbort Parkway,Charlotte,North Carolina,28272,sbrightman9e@ft.com
ST0000340,Sondra,Beiderbeck,0 Schmedeman Avenue,Los Angeles,California,90050,sbeiderbeck9f@liveinternet.ru
ST0000341,Zola,Camilio,40 Manufacturers Center,Columbia,Missouri,65211,zcamilio9g@creativecommons.org
ST0000342,Joelle,Hattoe,3 Thompson Parkway,Birmingham,Alabama,35242,jhattoe9h@state.tx.us
ST0000343,Oona,Blueman,9 Erie Junction,Dallas,Texas,75260,oblueman9i@google.com.hk
ST0000344,Garwin,Oxlee,41 Village Green Plaza,Youngstown,Ohio,44555,goxlee9j@qq.com
ST0000345,Junie,Sinncock,1224 Stephen Court,Milwaukee,Wisconsin,53234,jsinncock9k@feedburner.com
ST0000346,Barnett,Vergine,6 Express Plaza,Dallas,Texas,75216,bvergine9l@narod.ru
ST0000347,Danella,Willock,56 Lighthouse Bay Junction,Ventura,California,93005,dwillock9m@diigo.com
ST0000348,Jacklyn,O'Canavan,87 5th Trail,Albany,New York,12242,jocanavan9n@fotki.com
ST0000349,Hort,Aidler,64 Fremont Avenue,Bakersfield,California,93381,haidler9o@mapy.cz
ST0000350,Manny,Speechley,705 Vahlen Way,Fresno,California,93778,mspeechley9p@yandex.ru
ST0000351,Eolande,Menhci,355 Rowland Parkway,Chicago,Illinois,60641,emenhci9q@vkontakte.ru
ST0000352,Bonni,Scartifield,5 Derek Road,Wilkes Barre,Pennsylvania,18763,bscartifield9r@shop-pro.jp
ST0000353,Graham,Girardy,5528 Commercial Alley,Oklahoma City,Oklahoma,73104,ggirardy9s@is.gd
ST0000354,Theodosia,Staddart,511 Chinook Park,Orange,California,92862,tstaddart9t@free.fr
ST0000355,Jonah,De Carteret,2046 Lillian Circle,Fresno,California,93762,jdecarteret9u@oracle.com
ST0000356,Zarla,Bloxsum,8 Kingsford Avenue,Saint Paul,Minnesota,55103,zbloxsum9v@theatlantic.com
ST0000357,Jannelle,Dourin,671 Fulton Circle,Jackson,Mississippi,39236,jdourin9w@list-manage.com
ST0000358,Clarinda,Swadon,7670 Rieder Parkway,Mansfield,Ohio,44905,cswadon9x@toplist.cz
ST0000359,Lucias,Arnke,820 Lunder Pass,Gainesville,Georgia,30506,larnke9y@bluehost.com
ST0000360,Kimberlyn,Grube,142 Old Gate Parkway,Jamaica,New York,11447,kgrube9z@mysql.com
ST0000361,Iago,Meo,0 Blue Bill Park Hill,Washington,District of Columbia,20546,imeoa0@oakley.com
ST0000362,Perry,Livesey,8 Lillian Terrace,Amarillo,Texas,79116,pliveseya1@stanford.edu
ST0000363,Daffi,Gronav,305 Starling Hill,Jamaica,New York,11407,dgronava2@ox.ac.uk
ST0000364,Joelie,Gagg,350 West Parkway,South Lake Tahoe,California,96154,jgagga3@spotify.com
ST0000365,Garvey,Moorhouse,532 Fisk Drive,Sarasota,Florida,34238,gmoorhousea4@yelp.com
ST0000366,Scott,Grimsdith,6962 Bobwhite Center,Philadelphia,Pennsylvania,19191,sgrimsditha5@microsoft.com
ST0000367,Nike,Emberton,48827 Rusk Avenue,Phoenix,Arizona,85040,nembertona6@abc.net.au
ST0000368,Malynda,Reavey,32983 Blaine Parkway,Cincinnati,Ohio,45233,mreaveya7@wufoo.com
ST0000369,Korella,Sreenan,8 Michigan Parkway,Lynn,Massachusetts,1905,ksreenana8@psu.edu
ST0000370,Kimberlyn,Kimmitt,137 Londonderry Crossing,Portland,Oregon,97296,kkimmitta9@dailymotion.com
ST0000371,Jesus,Ramalhete,67934 Maple Lane,Miami Beach,Florida,33141,jramalheteaa@washingtonpost.com
ST0000372,Jonah,Aslie,1823 Merry Hill,Washington,District of Columbia,20397,jaslieab@furl.net
ST0000373,Jodee,McKiddin,2480 Grasskamp Park,Providence,Rhode Island,2912,jmckiddinac@netlog.com
ST0000374,Filmer,Bedbury,9 Dwight Place,Buffalo,New York,14220,fbedburyad@networksolutions.com
ST0000375,Ase,Castellanos,62203 Hintze Point,Lancaster,Pennsylvania,17605,acastellanosae@arstechnica.com
ST0000376,Leora,Medway,719 Pine View Avenue,Montgomery,Alabama,36134,lmedwayaf@google.es
ST0000377,Phyllis,Frenchum,14 Clemons Junction,San Jose,California,95155,pfrenchumag@telegraph.co.uk
ST0000378,Skipton,Arlt,2528 International Place,Phoenix,Arizona,85072,sarltah@yandex.ru
ST0000379,Noel,Moralis,7264 Old Gate Parkway,Macon,Georgia,31217,nmoralisai@ucoz.com
ST0000380,Barn,Dennert,3 Cambridge Crossing,Wilmington,North Carolina,28405,bdennertaj@drupal.org
ST0000381,Amelie,McGiveen,682 Brentwood Point,Pueblo,Colorado,81005,amcgiveenak@trellian.com
ST0000382,Ulberto,Noble,52 Bonner Avenue,Greensboro,North Carolina,27404,unobleal@independent.co.uk
ST0000383,Alisa,Nabarro,3 Arizona Terrace,Jackson,Mississippi,39216,anabarroam@wisc.edu
ST0000384,Paquito,Iannelli,0 Dennis Trail,Springfield,Illinois,62764,piannellian@gizmodo.com
ST0000385,Kandace,Dicte,24655 Mandrake Trail,Durham,North Carolina,27710,kdicteao@usnews.com
ST0000386,Genny,Pendlebery,52 Sutherland Place,San Diego,California,92153,gpendleberyap@macromedia.com
ST0000387,Raddy,Guinery,7889 Coleman Hill,Houston,Texas,77255,rguineryaq@si.edu
ST0000388,Julianne,Serman,60496 6th Plaza,Scottsdale,Arizona,85260,jsermanar@artisteer.com
ST0000389,Martha,Rives,2636 Merrick Way,Washington,District of Columbia,20337,mrivesas@globo.com
ST0000390,Nickolaus,Whitbread,12 Harbort Alley,Hyattsville,Maryland,20784,nwhitbreadat@scientificamerican.com
ST0000391,Willy,Lazare,7914 Truax Street,Roanoke,Virginia,24024,wlazareau@reverbnation.com
ST0000392,Fabe,Cowup,384 Debra Drive,Duluth,Minnesota,55805,fcowupav@webmd.com
ST0000393,Aura,Gabel,872 Chive Junction,Boston,Massachusetts,2203,agabelaw@whitehouse.gov
ST0000394,Tades,Seagood,81994 Gale Terrace,San Francisco,California,94142,tseagoodax@seattletimes.com
ST0000395,Allyson,Keeley,1 Pearson Street,Waco,Texas,76711,akeeleyay@mtv.com
ST0000396,Avictor,Dusting,0 Rowland Road,Shreveport,Louisiana,71166,adustingaz@ted.com
ST0000397,Hilliard,Woodier,161 American Road,Atlanta,Georgia,30316,hwoodierb0@narod.ru
ST0000398,Rhys,Scandrick,6 Autumn Leaf Junction,Houston,Texas,77080,rscandrickb1@google.fr
ST0000399,Leeanne,Organ,50 Village Green Parkway,San Diego,California,92186,lorganb2@amazon.com
ST0000400,Audra,Groombridge,2 Stone Corner Drive,Fort Wayne,Indiana,46896,agroombridgeb3@acquirethisname.com
ST0000401,Rodie,Mowson,88399 Division Drive,Trenton,New Jersey,8650,rmowsonb4@canalblog.com
ST0000402,Glenna,Bonaire,543 Burrows Court,Evansville,Indiana,47719,gbonaireb5@naver.com
ST0000403,Reynard,Spillett,30 Dahle Junction,Houston,Texas,77065,rspillettb6@wikispaces.com
ST0000404,Gregg,Gouldthorpe,96 Brickson Park Lane,El Paso,Texas,88563,ggouldthorpeb7@geocities.jp
ST0000405,Greggory,Broughton,15759 Buena Vista Circle,Austin,Texas,78710,gbroughtonb8@about.me
ST0000406,Zsazsa,Swannell,8 2nd Hill,Sparks,Nevada,89436,zswannellb9@youtube.com
ST0000407,Kaia,Malan,820 5th Avenue,Gainesville,Georgia,30506,kmalanba@sogou.com
ST0000408,Laurianne,Corbyn,4 Nevada Park,Terre Haute,Indiana,47812,lcorbynbb@topsy.com
ST0000409,Wenonah,Edgington,1978 Warbler Point,Watertown,Massachusetts,2472,wedgingtonbc@yahoo.co.jp
ST0000410,Norry,Ambrogioli,3902 Saint Paul Center,Huntington Beach,California,92648,nambrogiolibd@sbwire.com
ST0000411,Stewart,MacMurray,67800 Fisk Avenue,Seattle,Washington,98175,smacmurraybe@cocolog-nifty.com
ST0000412,Malvina,Coltan,6 Sycamore Street,Gilbert,Arizona,85297,mcoltanbf@businessinsider.com
ST0000413,Lissa,Canton,74 Maple Wood Park,Los Angeles,California,90045,lcantonbg@ustream.tv
ST0000414,Rutter,Lidierth,23 Ludington Road,Dayton,Ohio,45414,rlidierthbh@cdbaby.com
ST0000415,Lula,Ware,8172 Gulseth Point,Richmond,Virginia,23228,lwarebi@lycos.com
ST0000416,Jackelyn,Fisby,770 Glacier Hill Park,Jacksonville,Florida,32255,jfisbybj@wisc.edu
ST0000417,Marina,Duny,18737 American Pass,San Francisco,California,94105,mdunybk@newsvine.com
ST0000418,Miles,Allard,6720 Barby Hill,Apache Junction,Arizona,85219,mallardbl@usgs.gov
ST0000419,Loralyn,Johantges,46 Cascade Pass,Chicago,Illinois,60691,ljohantgesbm@taobao.com
ST0000420,Godwin,Brittles,1707 Roth Circle,Syracuse,New York,13217,gbrittlesbn@shinystat.com
ST0000421,Sharl,Cairns,268 Jana Park,New York City,New York,10150,scairnsbo@diigo.com
ST0000422,Coraline,Sears,2 Sunbrook Road,Lubbock,Texas,79405,csearsbp@yellowbook.com
ST0000423,Terrance,Garrick,23 International Lane,San Diego,California,92186,tgarrickbq@cbslocal.com
ST0000424,Elva,Von Welldun,2 Steensland Pass,Duluth,Minnesota,55811,evonwelldunbr@theatlantic.com
ST0000425,Morton,O'Tierney,2853 Stephen Alley,Seattle,Washington,98115,motierneybs@blogger.com
ST0000426,Nickolai,Arber,1346 Brentwood Trail,Houston,Texas,77260,narberbt@ed.gov
ST0000427,Bevon,Pavy,552 Logan Drive,Pasadena,California,91103,bpavybu@sphinn.com
ST0000428,Timi,Yell,9 Corscot Trail,Pittsburgh,Pennsylvania,15240,tyellbv@last.fm
ST0000429,Madison,Lehenmann,4 Birchwood Drive,Honolulu,Hawaii,96815,mlehenmannbw@tiny.cc
ST0000430,Maurizia,Eggleton,586 Logan Terrace,Oklahoma City,Oklahoma,73197,meggletonbx@google.com.hk
ST0000431,Maris,Basketfield,730 North Way,Dallas,Texas,75379,mbasketfieldby@furl.net
ST0000432,Hobie,Barter,41 Melody Alley,Philadelphia,Pennsylvania,19136,hbarterbz@privacy.gov.au
ST0000433,Lexine,Beneze,921 Heath Pass,Albany,New York,12227,lbenezec0@usnews.com
ST0000434,Shannon,Kmicicki,22550 Carpenter Hill,New York City,New York,10105,skmicickic1@gmpg.org
ST0000435,Waldon,Greber,95 Iowa Lane,El Paso,Texas,79928,wgreberc2@goodreads.com
ST0000436,Berton,Jesper,8286 Westend Parkway,New York City,New York,10045,bjesperc3@1und1.de
ST0000437,Lucila,Rolland,3 Little Fleur Hill,Richmond,Virginia,23228,lrollandc4@mayoclinic.com
ST0000438,Sybyl,Franschini,230 Armistice Street,Jackson,Mississippi,39216,sfranschinic5@google.ca
ST0000439,Torie,Levecque,296 Columbus Trail,Ogden,Utah,84403,tlevecquec6@senate.gov
ST0000440,Cristobal,Shave,95448 Westridge Lane,San Diego,California,92176,cshavec7@nationalgeographic.com
ST0000441,Enrica,Cella,0 Arkansas Way,New York City,New York,10175,ecellac8@discovery.com
ST0000442,Grantley,Strugnell,58369 Del Sol Terrace,Prescott,Arizona,86305,gstrugnellc9@themeforest.net
ST0000443,Lester,Arangy,358 Utah Place,Detroit,Michigan,48232,larangyca@ftc.gov
ST0000444,Rafa,Brandenberg,4922 American Ash Park,Washington,District of Columbia,20546,rbrandenbergcb@howstuffworks.com
ST0000445,Katey,Setterfield,43253 Derek Crossing,Macon,Georgia,31296,ksetterfieldcc@storify.com
ST0000446,Gwenneth,Haydney,269 Bunker Hill Way,San Antonio,Texas,78255,ghaydneycd@ocn.ne.jp
ST0000447,Dore,Pietzker,825 Oxford Crossing,Muskegon,Michigan,49444,dpietzkerce@live.com
ST0000448,Gerhard,Berk,3881 Fordem Way,Juneau,Alaska,99812,gberkcf@walmart.com
ST0000449,Earle,Liepmann,92 Brentwood Trail,Orange,California,92862,eliepmanncg@instagram.com
ST0000450,Berny,Taffrey,3891 Dexter Way,Newark,Delaware,19725,btaffreych@cocolog-nifty.com
ST0000451,Ingar,Ledbury,18 Dahle Street,Cumming,Georgia,30130,iledburyci@techcrunch.com
ST0000452,Marjorie,Stivey,4441 Di Loreto Circle,Miami,Florida,33158,mstiveycj@tmall.com
ST0000453,Arlee,Corzor,754 Union Trail,Chicago,Illinois,60652,acorzorck@arizona.edu
ST0000454,Gabbey,Righy,5 Sommers Pass,Sarasota,Florida,34238,grighycl@dailymail.co.uk
ST0000455,Kandace,Matzeitis,48 Calypso Point,South Bend,Indiana,46614,kmatzeitiscm@ustream.tv
ST0000456,Darci,Crehan,5870 Maple Court,Fort Collins,Colorado,80525,dcrehancn@xrea.com
ST0000457,Nikola,Siggin,44849 Hudson Drive,Waco,Texas,76705,nsigginco@123-reg.co.uk
ST0000458,Sigvard,Mattosoff,5709 Red Cloud Parkway,Colorado Springs,Colorado,80925,smattosoffcp@arizona.edu
ST0000459,Hillier,Grew,343 Crescent Oaks Point,New York City,New York,10024,hgrewcq@nymag.com
ST0000460,Terza,Bromet,77 School Road,Austin,Texas,78732,tbrometcr@weebly.com
ST0000461,D'arcy,Pacey,61963 Anthes Road,Atlanta,Georgia,30343,dpaceycs@behance.net
ST0000462,Lori,Spadazzi,88 Warrior Street,Oklahoma City,Oklahoma,73129,lspadazzict@patch.com
ST0000463,Richard,Warnock,5 Nelson Crossing,Independence,Missouri,64054,rwarnockcu@huffingtonpost.com
ST0000464,Vaughan,Scandred,5 Kingsford Crossing,Cincinnati,Ohio,45264,vscandredcv@deviantart.com
ST0000465,Kirsten,Babe,193 Talisman Way,Seattle,Washington,98166,kbabecw@seattletimes.com
ST0000466,Angelia,Acock,47374 Autumn Leaf Avenue,Madison,Wisconsin,53726,aacockcx@netvibes.com
ST0000467,Zane,Joerning,96 Forest Dale Road,San Diego,California,92121,zjoerningcy@scribd.com
ST0000468,Neile,Bugg,58 Jenna Alley,Houston,Texas,77260,nbuggcz@comcast.net
ST0000469,Florina,Lovekin,615 Eastwood Trail,Loretto,Minnesota,55598,flovekind0@time.com
ST0000470,Orsola,Darthe,41324 Brickson Park Pass,Wilmington,Delaware,19886,odarthed1@wikipedia.org
ST0000471,Deeanne,Leupoldt,956 Harper Junction,Arlington,Virginia,22205,dleupoldtd2@domainmarket.com
ST0000472,Trip,Gilbank,64 Dapin Parkway,Chandler,Arizona,85246,tgilbankd3@xing.com
ST0000473,Danika,Toll,2557 Maryland Road,Des Moines,Iowa,50320,dtolld4@t.co
ST0000474,Sheila-kathryn,Tydeman,4 Johnson Point,Los Angeles,California,90060,stydemand5@odnoklassniki.ru
ST0000475,Rafe,Cusworth,7116 Hauk Drive,Washington,District of Columbia,20036,rcusworthd6@dailymotion.com
ST0000476,Selena,Amey,77797 Stephen Drive,Houston,Texas,77015,sameyd7@state.tx.us
ST0000477,Tildy,Bayless,268 Independence Park,Phoenix,Arizona,85083,tbaylessd8@cdc.gov
ST0000478,Celestia,Skeech,36626 Kings Street,Louisville,Kentucky,40220,cskeechd9@mozilla.com
ST0000479,Adriena,O'Shee,504 Mendota Lane,Springfield,Illinois,62756,aosheeda@webeden.co.uk
ST0000480,Hilton,Leathers,6817 Dennis Pass,Birmingham,Alabama,35220,hleathersdb@washington.edu
ST0000481,Dmitri,Dalliston,385 Grayhawk Hill,Columbus,Ohio,43268,ddallistondc@parallels.com
ST0000482,Fanny,Bowe,804 Macpherson Hill,Maple Plain,Minnesota,55579,fbowedd@furl.net
ST0000483,Marijo,Bithell,5 Sage Way,Biloxi,Mississippi,39534,mbithellde@hao123.com
ST0000484,Alfonso,Duplain,970 8th Circle,Brooklyn,New York,11215,aduplaindf@ftc.gov
ST0000485,Saunderson,Goodson,3600 Vidon Alley,Jamaica,New York,11470,sgoodsondg@nih.gov
ST0000486,Winni,Baff,142 Mosinee Avenue,El Paso,Texas,79999,wbaffdh@usa.gov
ST0000487,Gabriel,Satterfitt,36 Dayton Hill,Washington,District of Columbia,20051,gsatterfittdi@elegantthemes.com
ST0000488,Millard,Stichel,857 Ruskin Terrace,New Haven,Connecticut,6538,msticheldj@vkontakte.ru
ST0000489,Hestia,Marling,2 Hovde Way,Youngstown,Ohio,44505,hmarlingdk@simplemachines.org
ST0000490,Cammy,Seally,403 Northridge Street,Cleveland,Ohio,44111,cseallydl@marriott.com
ST0000491,Lem,Delacroix,0 Norway Maple Place,Birmingham,Alabama,35290,ldelacroixdm@theatlantic.com
ST0000492,Hali,Bosche,3 Nobel Drive,Bakersfield,California,93386,hboschedn@wordpress.com
ST0000493,Marmaduke,Senchenko,3109 Bluestem Road,Madison,Wisconsin,53779,msenchenkodo@chicagotribune.com
ST0000494,Keen,Kell,899 Harper Pass,Winter Haven,Florida,33884,kkelldp@umn.edu
ST0000495,Diana,Rivelon,8440 Carey Road,New York City,New York,10160,drivelondq@zdnet.com
ST0000496,Welby,Aizikovich,967 Anhalt Alley,Milwaukee,Wisconsin,53205,waizikovichdr@ft.com
ST0000497,Latisha,Trapp,78446 Vermont Trail,Lynchburg,Virginia,24515,ltrappds@google.fr
ST0000498,Eba,Clavey,40908 Artisan Street,Lexington,Kentucky,40596,eclaveydt@histats.com
ST0000499,Clemens,Mabbutt,42 Fallview Center,Denver,Colorado,80279,cmabbuttdu@loc.gov
ST0000500,Teena,Peerless,613 Helena Pass,Sioux City,Iowa,51110,tpeerlessdv@furl.net
ST0000501,Debbi,Janse,7359 Bultman Road,Philadelphia,Pennsylvania,19146,djansedw@reuters.com
ST0000502,Sean,Dugall,58870 Cordelia Plaza,Bakersfield,California,93311,sdugalldx@studiopress.com
ST0000503,Myles,Rudyard,87679 Ilene Lane,Scranton,Pennsylvania,18505,mrudyarddy@google.de
ST0000504,Ruggiero,Derges,5521 Susan Park,Los Angeles,California,90015,rdergesdz@scribd.com
ST0000505,Ximenez,Tetla,1 Hauk Alley,Fort Myers,Florida,33994,xtetlae0@woothemes.com
ST0000506,Julee,Manger,2103 Lotheville Circle,San Francisco,California,94177,jmangere1@edublogs.org
ST0000507,Harriet,Ambrose,33 Clyde Gallagher Drive,Monroe,Louisiana,71208,hambrosee2@reddit.com
ST0000508,Ermanno,Gregh,6 Forest Run Terrace,Erie,Pennsylvania,16522,egreghe3@mit.edu
ST0000509,Allissa,Meere,5 Barby Pass,Lancaster,California,93584,ameeree4@mysql.com
ST0000510,Tracy,Chiplen,42 Hoffman Parkway,Houston,Texas,77040,tchiplene5@webnode.com
ST0000511,Cad,Frontczak,79 Old Gate Center,San Antonio,Texas,78215,cfrontczake6@unicef.org
ST0000512,Prentiss,Delyth,839 Meadow Vale Alley,Beaverton,Oregon,97075,pdelythe7@samsung.com
ST0000513,Nixie,Presho,2 Corben Plaza,Seattle,Washington,98133,npreshoe8@tamu.edu
ST0000514,Saunder,Rennison,205 Nobel Park,El Paso,Texas,88584,srennisone9@eventbrite.com
ST0000515,Shalom,Glen,1208 Alpine Way,Bronx,New York,10474,sglenea@cbc.ca
ST0000516,Gan,Marcos,603 Butternut Road,Oakland,California,94622,gmarcoseb@vinaora.com
ST0000517,Beatrisa,Antliff,338 Commercial Way,Sacramento,California,95823,bantliffec@unesco.org
ST0000518,Kora,Bramhall,345 Summer Ridge Place,Washington,District of Columbia,20310,kbramhalled@google.nl
ST0000519,Gail,Swinn,29 Spohn Park,Stamford,Connecticut,6912,gswinnee@house.gov
ST0000520,Elmer,Sigfrid,6457 Dryden Alley,Washington,District of Columbia,20319,esigfridef@vkontakte.ru
ST0000521,Galen,Bawme,7 Redwing Plaza,Youngstown,Ohio,44505,gbawmeeg@angelfire.com
ST0000522,Rivkah,Dow,74994 Redwing Crossing,Maple Plain,Minnesota,55579,rdoweh@gov.uk
ST0000523,Barbabra,Tennet,7 Meadow Ridge Park,Los Angeles,California,90045,btennetei@senate.gov
ST0000524,Dorian,Elsegood,7 Glendale Junction,San Diego,California,92110,delsegoodej@forbes.com
ST0000525,Laura,Cornbill,61 Warner Plaza,Evansville,Indiana,47747,lcornbillek@gravatar.com
ST0000526,Heidi,Turfus,65851 Grasskamp Trail,Oklahoma City,Oklahoma,73179,hturfusel@trellian.com
ST0000527,Benoit,Danzey,1 Stone Corner Point,Garden Grove,California,92645,bdanzeyem@go.com
ST0000528,Egon,Shulem,89 Buell Hill,Tallahassee,Florida,32399,eshulemen@google.nl
ST0000529,Royal,St. Hill,537 Mallory Street,New Orleans,Louisiana,70149,rsthilleo@businessinsider.com
ST0000530,Fredia,Stanbridge,653 Dennis Point,Des Moines,Iowa,50347,fstanbridgeep@goodreads.com
ST0000531,Marcille,Doncaster,60 Karstens Circle,Fredericksburg,Virginia,22405,mdoncastereq@msn.com
ST0000532,Marcellina,Riordan,609 Bunker Hill Crossing,Melbourne,Florida,32919,mriordaner@huffingtonpost.com
ST0000533,Jefferson,Finlayson,7919 Prairie Rose Circle,Des Moines,Iowa,50936,jfinlaysones@fc2.com
ST0000534,Pippa,Frye,6579 Sundown Circle,Las Vegas,Nevada,89140,pfryeet@deliciousdays.com
ST0000535,Robbie,Renyard,46416 Texas Avenue,Hialeah,Florida,33013,rrenyardeu@nyu.edu
ST0000536,Oates,Alesin,3 Meadow Vale Pass,Nashville,Tennessee,37210,oalesinev@blogs.com
ST0000537,Frans,Pawlyn,658 Grim Center,Fort Lauderdale,Florida,33315,fpawlynew@xrea.com
ST0000538,Zachary,Springtorp,8605 Moose Hill,Danbury,Connecticut,6816,zspringtorpex@gov.uk
ST0000539,Obidiah,Lifsey,9 Homewood Terrace,San Antonio,Texas,78245,olifseyey@opensource.org
ST0000540,Carmina,Dudmesh,71615 Pine View Trail,Washington,District of Columbia,20470,cdudmeshez@purevolume.com
ST0000541,Geno,Bridal,444 Eastlawn Court,Fort Worth,Texas,76162,gbridalf0@sphinn.com
ST0000542,Clerissa,Coughtrey,4120 Tony Circle,Mesa,Arizona,85205,ccoughtreyf1@fotki.com
ST0000543,Bertrando,Pearmine,69839 Del Sol Street,El Paso,Texas,79955,bpearminef2@umich.edu
ST0000544,Blair,Gallen,86648 Monica Center,Albany,New York,12222,bgallenf3@berkeley.edu
ST0000545,Dacie,Duckworth,30045 Logan Parkway,Indianapolis,Indiana,46254,dduckworthf4@simplemachines.org
ST0000546,Avis,Acreman,6813 Del Mar Hill,Young America,Minnesota,55573,aacremanf5@spiegel.de
ST0000547,Thornie,Upston,182 Brentwood Lane,Kansas City,Kansas,66105,tupstonf6@about.me
ST0000548,Scot,Vannoni,1 Merrick Parkway,Saint Petersburg,Florida,33742,svannonif7@nhs.uk
ST0000549,Ofilia,Reucastle,35075 Shopko Point,Austin,Texas,78726,oreucastlef8@eepurl.com
ST0000550,Vince,Searsby,84708 Gerald Point,Minneapolis,Minnesota,55487,vsearsbyf9@angelfire.com
ST0000551,Claudine,Petrescu,7775 Stuart Alley,Greensboro,North Carolina,27409,cpetrescufa@examiner.com
ST0000552,Alexio,Viollet,8845 Shoshone Alley,Oklahoma City,Oklahoma,73129,aviolletfb@globo.com
ST0000553,Dotti,Downey,5 Grayhawk Parkway,Houston,Texas,77234,ddowneyfc@about.me
ST0000554,Rhetta,Barczynski,78 Summer Ridge Center,Pueblo,Colorado,81005,rbarczynskifd@bluehost.com
ST0000555,Klaus,Kun,4 Elmside Center,Flushing,New York,11388,kkunfe@examiner.com
ST0000556,Yasmin,Hardwick,9 Jenna Lane,Akron,Ohio,44329,yhardwickff@dion.ne.jp
ST0000557,Eberhard,Elderkin,983 Bowman Court,Tulsa,Oklahoma,74126,eelderkinfg@wisc.edu
ST0000558,Tonye,Sent,3 Toban Junction,Pueblo,Colorado,81010,tsentfh@squarespace.com
ST0000559,Kassey,Radoux,3 Meadow Vale Street,Davenport,Iowa,52804,kradouxfi@ovh.net
ST0000560,Kaile,Helbeck,3283 Atwood Alley,Anderson,South Carolina,29625,khelbeckfj@tmall.com
ST0000561,Francene,Bowhey,70 La Follette Hill,Shawnee Mission,Kansas,66286,fbowheyfk@columbia.edu
ST0000562,Heidi,Cholonin,19044 Michigan Alley,Fort Lauderdale,Florida,33310,hcholoninfl@google.ru
ST0000563,Kenna,Jeandot,4725 Fieldstone Court,Gary,Indiana,46406,kjeandotfm@tamu.edu
ST0000564,Fanya,Lloyd-Williams,967 Montana Center,Dallas,Texas,75251,flloydwilliamsfn@ning.com
ST0000565,Kassey,Setchfield,62 School Court,Dallas,Texas,75287,ksetchfieldfo@theatlantic.com
ST0000566,Modesty,Harefoot,2 Briar Crest Court,Akron,Ohio,44393,mharefootfp@virginia.edu
ST0000567,Jemmie,Macari,582 Sugar Avenue,Dallas,Texas,75323,jmacarifq@gizmodo.com
ST0000568,Merline,Boltwood,8718 Red Cloud Drive,Wilmington,Delaware,19886,mboltwoodfr@uiuc.edu
ST0000569,Gregory,McMorran,450 Twin Pines Pass,Irving,Texas,75062,gmcmorranfs@theatlantic.com
ST0000570,Trixy,Morecomb,16 4th Pass,Clearwater,Florida,34615,tmorecombft@jalbum.net
ST0000571,Milzie,Oxherd,45 Sunbrook Road,Peoria,Arizona,85383,moxherdfu@taobao.com
ST0000572,Mariska,De Courtney,3054 Upham Circle,Alexandria,Virginia,22313,mdecourtneyfv@huffingtonpost.com
ST0000573,Corrine,Huntington,95 Summer Ridge Plaza,Saint Louis,Missouri,63169,chuntingtonfw@wikia.com
ST0000574,Nichols,Bartlam,84 Veith Terrace,Little Rock,Arkansas,72231,nbartlamfx@joomla.org
ST0000575,Missy,Cordet,8 Melrose Terrace,Dayton,Ohio,45470,mcordetfy@networkadvertising.org
ST0000576,Reilly,Emmet,5 Banding Crossing,Fresno,California,93773,remmetfz@narod.ru
ST0000577,Wiley,Doumic,3182 Ludington Way,San Francisco,California,94154,wdoumicg0@nasa.gov
ST0000578,Laural,Gumb,68691 Lake View Park,Dayton,Ohio,45419,lgumbg1@nydailynews.com
ST0000579,Alfie,Dyer,4 Dennis Pass,Sarasota,Florida,34276,adyerg2@independent.co.uk
ST0000580,Alexis,Kibard,2 Shopko Road,Brooklyn,New York,11241,akibardg3@seesaa.net
ST0000581,Jenna,Pratchett,26 Bartelt Crossing,Springfield,Missouri,65898,jpratchettg4@i2i.jp
ST0000582,Judas,Bonafacino,730 Straubel Trail,Sacramento,California,94286,jbonafacinog5@seattletimes.com
ST0000583,Diane-marie,Clinch,3981 Dapin Center,Buffalo,New York,14205,dclinchg6@slashdot.org
ST0000584,Haleigh,Rounds,739 Dryden Junction,Tucson,Arizona,85748,hroundsg7@github.io
ST0000585,Joey,Maken,55653 Monument Point,Houston,Texas,77095,jmakeng8@dedecms.com
ST0000586,Adelina,Scartifield,8724 Shasta Plaza,Topeka,Kansas,66629,ascartifieldg9@cnn.com
ST0000587,Cayla,Mottershead,94675 Texas Crossing,San Jose,California,95155,cmottersheadga@cnbc.com
ST0000588,Barnaby,Ruilton,184 Declaration Hill,Miami,Florida,33233,bruiltongb@google.cn
ST0000589,Daniel,Devons,41 Sunfield Street,Petaluma,California,94975,ddevonsgc@alibaba.com
ST0000590,Julissa,Belvin,30138 Merchant Avenue,Washington,District of Columbia,20540,jbelvingd@amazon.co.uk
ST0000591,Bo,Gillon,2 Butternut Trail,Raleigh,North Carolina,27610,bgillonge@tmall.com
ST0000592,Rosalind,Tuckley,1 Macpherson Trail,Seminole,Florida,34642,rtuckleygf@unesco.org
ST0000593,Ashleigh,Cavey,50 Elmside Road,New Haven,Connecticut,6533,acaveygg@cbc.ca
ST0000594,Georgianne,Chatres,3329 Eagan Court,Roanoke,Virginia,24024,gchatresgh@hostgator.com
ST0000595,Ardisj,Grimmer,6 Dovetail Way,Pensacola,Florida,32511,agrimmergi@w3.org
ST0000596,Blancha,Kamall,26 Village Lane,North Little Rock,Arkansas,72118,bkamallgj@bloglines.com
ST0000597,Adel,Stratz,7370 Oak Plaza,Roanoke,Virginia,24040,astratzgk@geocities.com
ST0000598,Gardiner,Greenland,82 Bobwhite Hill,Johnson City,Tennessee,37605,ggreenlandgl@alexa.com
ST0000599,Jack,Bartholomaus,325 Montana Plaza,Lexington,Kentucky,40581,jbartholomausgm@hubpages.com
ST0000600,Nial,Coggen,4598 Holmberg Point,Charlotte,North Carolina,28289,ncoggengn@xing.com
ST0000601,Cecil,Corkill,9772 Blue Bill Park Junction,Madison,Wisconsin,53790,ccorkillgo@ehow.com
ST0000602,Stella,Kollaschek,396 Lillian Junction,Reno,Nevada,89510,skollaschekgp@fda.gov
ST0000603,Thorsten,Grimshaw,81 David Place,Spring,Texas,77388,tgrimshawgq@123-reg.co.uk
ST0000604,Cristine,Leneham,747 Dapin Crossing,Duluth,Minnesota,55805,clenehamgr@miibeian.gov.cn
ST0000605,Saunders,Lamplugh,6 Ludington Plaza,Washington,District of Columbia,20310,slamplughgs@themeforest.net
ST0000606,Demetra,Gouthier,4 Dahle Drive,Shreveport,Louisiana,71161,dgouthiergt@fc2.com
ST0000607,Barnard,Bevis,2 Express Pass,Harrisburg,Pennsylvania,17121,bbevisgu@123-reg.co.uk
ST0000608,Heywood,Bonefant,1 Eagle Crest Pass,Beaumont,Texas,77705,hbonefantgv@mapy.cz
ST0000609,Morgana,Lanfranconi,28 Hansons Crossing,Saint Louis,Missouri,63116,mlanfranconigw@devhub.com
ST0000610,Gustaf,Dohmann,53629 Nancy Circle,Newark,Delaware,19725,gdohmanngx@usda.gov
ST0000611,Torey,Pawson,41 Porter Alley,Toledo,Ohio,43635,tpawsongy@unblog.fr
ST0000612,Jorgan,MacCostigan,6792 Schiller Way,Sacramento,California,94257,jmaccostigangz@themeforest.net
ST0000613,Korney,Hurdidge,555 Upham Park,Virginia Beach,Virginia,23464,khurdidgeh0@state.tx.us
ST0000614,Gwendolen,Denman,58310 Lindbergh Pass,New York City,New York,10009,gdenmanh1@vinaora.com
ST0000615,Betteanne,Mughal,6 Scott Hill,Columbia,South Carolina,29240,bmughalh2@youtu.be
ST0000616,Quincy,Ottosen,6 Surrey Street,Bonita Springs,Florida,34135,qottosenh3@goo.ne.jp
ST0000617,Paige,Hallihan,7 Charing Cross Park,Peoria,Illinois,61651,phallihanh4@google.de
ST0000618,Meaghan,Pic,958 Coolidge Avenue,Dallas,Texas,75379,mpich5@msn.com
ST0000619,Bertie,Toffler,62131 Meadow Valley Parkway,Long Beach,California,90847,btofflerh6@xrea.com
ST0000620,Patty,McTiernan,297 Orin Avenue,Round Rock,Texas,78682,pmctiernanh7@usatoday.com
ST0000621,Megan,Toleman,7582 Columbus Street,Albany,Georgia,31704,mtolemanh8@pbs.org
ST0000622,Toby,Beeston,71148 Hazelcrest Drive,Houston,Texas,77212,tbeestonh9@uol.com.br
ST0000623,Yulma,Tomczak,904 Bultman Alley,Carson City,Nevada,89714,ytomczakha@biblegateway.com
ST0000624,Ellary,Ladbrooke,7 Manufacturers Junction,San Antonio,Texas,78220,eladbrookehb@google.fr
ST0000625,Saundra,Newband,7458 Westport Street,Mobile,Alabama,36610,snewbandhc@thetimes.co.uk
ST0000626,Cory,Hazard,37718 Village Junction,Worcester,Massachusetts,1610,chazardhd@geocities.jp
ST0000627,Ingrim,Nagle,218 Utah Road,Philadelphia,Pennsylvania,19109,inaglehe@utexas.edu
ST0000628,Tobias,Peaden,557 Straubel Way,Milwaukee,Wisconsin,53225,tpeadenhf@joomla.org
ST0000629,Jeth,Bimson,8 Merry Place,Reno,Nevada,89595,jbimsonhg@theglobeandmail.com
ST0000630,Malchy,Denecamp,679 Dovetail Park,Tampa,Florida,33633,mdenecamphh@shutterfly.com
ST0000631,Jephthah,Edgson,906 Melrose Street,Chicago,Illinois,60686,jedgsonhi@lycos.com
ST0000632,Lucretia,Kobierzycki,74 Truax Alley,Tampa,Florida,33661,lkobierzyckihj@etsy.com
ST0000633,Sidonia,Selly,651 Dennis Park,Elmira,New York,14905,ssellyhk@ifeng.com
ST0000634,Sibylla,McKew,1 American Ash Circle,Detroit,Michigan,48295,smckewhl@nyu.edu
ST0000635,Fabiano,Batterham,99688 Novick Court,Tacoma,Washington,98481,fbatterhamhm@slate.com
ST0000636,Bartholomeus,Kop,6 Graedel Street,York,Pennsylvania,17405,bkophn@jalbum.net
ST0000637,Stephen,Sigward,64715 Merrick Junction,Hot Springs National Park,Arkansas,71914,ssigwardho@theglobeandmail.com
ST0000638,Irita,Bindin,9187 Express Alley,Huntington Beach,California,92648,ibindinhp@wsj.com
ST0000639,Lyda,Bernardos,743 Warner Lane,El Paso,Texas,88535,lbernardoshq@t-online.de
ST0000640,Reece,Pender,3 Mallory Plaza,Las Vegas,Nevada,89155,rpenderhr@paginegialle.it
ST0000641,Hussein,Redhouse,7 Fair Oaks Plaza,Oklahoma City,Oklahoma,73173,hredhousehs@nifty.com
ST0000642,Cort,Luckett,269 Nevada Street,Des Moines,Iowa,50305,cluckettht@umn.edu
ST0000643,Nikolos,Hornig,4494 Florence Park,Washington,District of Columbia,56944,nhornighu@mtv.com
ST0000644,Coreen,Bulfoy,68 Anthes Point,Birmingham,Alabama,35231,cbulfoyhv@cmu.edu
ST0000645,Farlay,Jelliman,6 Anzinger Avenue,New York City,New York,10150,fjellimanhw@oakley.com
ST0000646,Weylin,Urrey,4949 Sundown Park,Houston,Texas,77240,wurreyhx@lulu.com
ST0000647,Jillane,Chelsom,9 Beilfuss Avenue,Baltimore,Maryland,21239,jchelsomhy@soundcloud.com
ST0000648,Xena,Tasseler,83529 Florence Plaza,Cincinnati,Ohio,45203,xtasselerhz@addtoany.com
ST0000649,Corty,Middleditch,64060 Sommers Junction,Chicago,Illinois,60686,cmiddleditchi0@nifty.com
ST0000650,Shay,Beneze,5880 Eastlawn Drive,Austin,Texas,78759,sbenezei1@sina.com.cn
ST0000651,Dennie,Extence,744 Dennis Way,Montgomery,Alabama,36134,dextencei2@cpanel.net
ST0000652,Bella,Reckus,31110 Alpine Court,El Paso,Texas,88569,breckusi3@nytimes.com
ST0000653,Woodrow,Kingswood,0 Mitchell Trail,Lancaster,California,93584,wkingswoodi4@phoca.cz
ST0000654,Christiane,Drewet,791 Katie Drive,Waterloo,Iowa,50706,cdreweti5@alibaba.com
ST0000655,Devina,Whibley,5816 Hoffman Drive,Wilmington,Delaware,19810,dwhibleyi6@t.co
ST0000656,Reeba,Wanjek,63 Granby Place,Lansing,Michigan,48956,rwanjeki7@parallels.com
ST0000657,Linnie,Budibent,95425 Boyd Avenue,Montgomery,Alabama,36125,lbudibenti8@vkontakte.ru
ST0000658,Whitby,Tuxwell,217 Rigney Parkway,Colorado Springs,Colorado,80915,wtuxwelli9@elegantthemes.com
ST0000659,Daryl,Solon,5 Farragut Way,Racine,Wisconsin,53405,dsolonia@macromedia.com
ST0000660,Estelle,Annion,565 Transport Road,South Bend,Indiana,46614,eannionib@xinhuanet.com
ST0000661,Beulah,De la Yglesia,5756 Mayfield Street,Reno,Nevada,89505,bdelayglesiaic@adobe.com
ST0000662,Mycah,Sandercock,314 Spohn Street,Lansing,Michigan,48930,msandercockid@gravatar.com
ST0000663,Nefen,Robins,60 Chive Park,Davenport,Iowa,52809,nrobinsie@nba.com
ST0000664,Barth,Prawle,6 Dapin Center,Greensboro,North Carolina,27404,bprawleif@foxnews.com
ST0000665,Vachel,Simka,3863 Canary Trail,Springfield,Illinois,62764,vsimkaig@eventbrite.com
ST0000666,Suzanna,Grasser,94 Emmet Drive,Chicago,Illinois,60663,sgrasserih@marriott.com
ST0000667,Lindie,Stopher,0 Merrick Circle,Shawnee Mission,Kansas,66286,lstopherii@nationalgeographic.com
ST0000668,Tabbie,Cleaton,5479 Lakeland Terrace,Charleston,West Virginia,25313,tcleatonij@seattletimes.com
ST0000669,Giles,Lyons,83 Bunting Lane,Houston,Texas,77030,glyonsik@state.tx.us
ST0000670,Margalit,Beardon,5250 Monument Parkway,Fort Worth,Texas,76129,mbeardonil@dmoz.org
ST0000671,Hillie,Thornton,998 Arrowood Road,Worcester,Massachusetts,1654,hthorntonim@bloomberg.com
ST0000672,Raleigh,Stronge,1325 Talisman Trail,Charleston,West Virginia,25362,rstrongein@mapquest.com
ST0000673,Eldon,Walsh,30803 Oak Place,Columbia,South Carolina,29220,ewalshio@ucoz.ru
ST0000674,Ikey,Stapels,204 Carpenter Crossing,Alexandria,Virginia,22309,istapelsip@nytimes.com
ST0000675,Ardys,Avis,59 Transport Hill,Portland,Oregon,97229,aavisiq@dot.gov
ST0000676,Fulton,Desaur,8001 Orin Junction,Jersey City,New Jersey,7310,fdesaurir@nasa.gov
ST0000677,Yanaton,Plows,1 Stephen Circle,San Jose,California,95160,yplowsis@reddit.com
ST0000678,Karel,Cody,77565 Pierstorff Pass,Chicago,Illinois,60624,kcodyit@ted.com
ST0000679,Orazio,Giddons,5 Oak Valley Point,Gainesville,Florida,32627,ogiddonsiu@goo.gl
ST0000680,Brew,Mabbitt,5 Sage Pass,Providence,Rhode Island,2912,bmabbittiv@domainmarket.com
ST0000681,Allyn,Cox,63 Kenwood Trail,Brooklyn,New York,11247,acoxiw@imageshack.us
ST0000682,Karlik,Exell,664 Lien Way,Glendale,California,91210,kexellix@mozilla.org
ST0000683,Rochelle,Kearton,8 Arizona Plaza,Milwaukee,Wisconsin,53205,rkeartoniy@pcworld.com
ST0000684,Rod,Bischop,4 Main Center,Washington,District of Columbia,20580,rbischopiz@telegraph.co.uk
ST0000685,Catina,Scholler,3803 Lakewood Gardens Court,Orlando,Florida,32885,cschollerj0@msu.edu
ST0000686,Odele,Dash,265 Helena Circle,Springfield,Ohio,45505,odashj1@wsj.com
ST0000687,Suzie,Willgoss,94 Golf Course Center,College Station,Texas,77844,swillgossj2@hugedomains.com
ST0000688,Antonie,Clampton,54677 Randy Pass,New York City,New York,10009,aclamptonj3@amazon.com
ST0000689,Peg,Roath,5305 Southridge Street,Washington,District of Columbia,20508,proathj4@samsung.com
ST0000690,Giacobo,McCoole,950 Namekagon Park,Vero Beach,Florida,32969,gmccoolej5@simplemachines.org
ST0000691,Kittie,Meadowcraft,72877 Logan Junction,Houston,Texas,77005,kmeadowcraftj6@shareasale.com
ST0000692,Addy,Leverette,1010 Farmco Trail,Portland,Oregon,97255,aleverettej7@wikimedia.org
ST0000693,Natividad,Poundesford,11604 North Trail,Harrisburg,Pennsylvania,17126,npoundesfordj8@geocities.jp
ST0000694,Tabatha,Ketts,5508 Trailsway Hill,Bethesda,Maryland,20816,tkettsj9@ted.com
ST0000695,Lorry,Fuggles,42582 Badeau Place,Oakland,California,94611,lfugglesja@thetimes.co.uk
ST0000696,Doti,Margiotta,88668 Northridge Place,New York City,New York,10150,dmargiottajb@tmall.com
ST0000697,Clarisse,Wrathall,37 Onsgard Center,Bronx,New York,10474,cwrathalljc@dagondesign.com
ST0000698,Karrie,Newberry,9 Londonderry Lane,Minneapolis,Minnesota,55458,knewberryjd@un.org
ST0000699,Petrina,Quant,3 Trailsway Trail,Fayetteville,North Carolina,28314,pquantje@telegraph.co.uk
ST0000700,Mickey,Pearcehouse,639 Lyons Plaza,Fayetteville,North Carolina,28305,mpearcehousejf@ftc.gov
ST0000701,Betsy,Vedyasov,458 Artisan Alley,Decatur,Georgia,30033,bvedyasovjg@google.cn
ST0000702,Giulia,Mixon,31873 Sage Plaza,Detroit,Michigan,48232,gmixonjh@usatoday.com
ST0000703,Sara,Bettanay,1 Novick Lane,Greenville,South Carolina,29615,sbettanayji@buzzfeed.com
ST0000704,Fedora,Bosworth,54 Dovetail Pass,Muskegon,Michigan,49444,fbosworthjj@economist.com
ST0000705,Madelaine,Gonneau,15032 Coolidge Lane,Los Angeles,California,90010,mgonneaujk@edublogs.org
ST0000706,Dosi,Fassman,5 David Junction,Toledo,Ohio,43666,dfassmanjl@miibeian.gov.cn
ST0000707,Chandal,Andrus,71945 Crest Line Junction,Providence,Rhode Island,2905,candrusjm@rediff.com
ST0000708,Allyn,Proschke,648 Esker Point,Dallas,Texas,75241,aproschkejn@boston.com
ST0000709,Adara,Yukhnini,633 Clarendon Alley,Fort Smith,Arkansas,72916,ayukhninijo@moonfruit.com
ST0000710,Morly,Favel,90487 Nova Parkway,Paterson,New Jersey,7522,mfaveljp@ifeng.com
ST0000711,Griffith,Kenyam,64 Clarendon Circle,Jefferson City,Missouri,65105,gkenyamjq@blog.com
ST0000712,Ashla,Emberson,67519 Atwood Plaza,Orlando,Florida,32808,aembersonjr@chicagotribune.com
ST0000713,Abdul,Maggs,3775 Ohio Way,El Paso,Texas,88530,amaggsjs@jiathis.com
ST0000714,Katinka,Frayn,607 Sommers Pass,Atlanta,Georgia,31136,kfraynjt@joomla.org
ST0000715,Gwendolen,Wasmuth,577 Sutherland Junction,San Angelo,Texas,76905,gwasmuthju@booking.com
ST0000716,Joeann,Sample,800 Ludington Circle,Shawnee Mission,Kansas,66286,jsamplejv@liveinternet.ru
ST0000717,Beulah,Guillain,753 Weeping Birch Place,Kansas City,Missouri,64193,bguillainjw@uol.com.br
ST0000718,Algernon,Hryniewicz,1332 Debs Way,South Bend,Indiana,46614,ahryniewiczjx@blogs.com
ST0000719,Veronique,Kolczynski,2 Brickson Park Pass,Memphis,Tennessee,38109,vkolczynskijy@usnews.com
ST0000720,Mada,Dabnor,53 Hovde Alley,Lexington,Kentucky,40515,mdabnorjz@google.com.au
ST0000721,Candis,Lambis,8 Manley Terrace,Bradenton,Florida,34282,clambisk0@free.fr
ST0000722,Sonny,Gomersall,4666 Prairieview Road,Washington,District of Columbia,20520,sgomersallk1@wix.com
ST0000723,Nichole,Maymond,7 Summer Ridge Way,Birmingham,Alabama,35263,nmaymondk2@shinystat.com
ST0000724,Davidson,Buten,1852 Oneill Alley,Fairfield,Connecticut,6825,dbutenk3@illinois.edu
ST0000725,Drucy,Mellers,5522 Golf Course Circle,Portland,Oregon,97216,dmellersk4@newyorker.com
ST0000726,Wilmar,Syde,39228 Morningstar Parkway,San Diego,California,92121,wsydek5@4shared.com
ST0000727,Saunderson,Galler,20 Arrowood Avenue,Denver,Colorado,80270,sgallerk6@examiner.com
ST0000728,Bridgette,Nichol,2 Bartelt Road,Jackson,Mississippi,39282,bnicholk7@printfriendly.com
ST0000729,Molly,Donnell,3 Melvin Center,Orlando,Florida,32885,mdonnellk8@prnewswire.com
ST0000730,Eloisa,Janak,9117 Corscot Hill,Houston,Texas,77245,ejanakk9@amazon.de
ST0000731,Garnet,Biasioni,213 Rockefeller Trail,Milwaukee,Wisconsin,53234,gbiasionika@businessinsider.com
ST0000732,Rose,Betchley,3 Dottie Trail,Evansville,Indiana,47747,rbetchleykb@sciencedaily.com
ST0000733,Jolynn,Woofinden,21 Scoville Parkway,Fort Lauderdale,Florida,33330,jwoofindenkc@mac.com
ST0000734,Lief,Leftley,99 Ilene Trail,Rockford,Illinois,61105,lleftleykd@github.io
ST0000735,Brittne,Lambdean,3699 Emmet Lane,Lexington,Kentucky,40581,blambdeanke@netlog.com
ST0000736,Christiane,Marcome,53 Vermont Road,Tulsa,Oklahoma,74126,cmarcomekf@multiply.com
ST0000737,Decca,Cleveland,1 Forest Lane,Jamaica,New York,11480,dclevelandkg@answers.com
ST0000738,Brnaba,Barrowclough,57 Texas Alley,Rochester,New York,14604,bbarrowcloughkh@sina.com.cn
ST0000739,Tonye,Ox,3 Merrick Avenue,Albany,Georgia,31704,toxki@behance.net
ST0000740,Normand,Tuffey,89439 Myrtle Park,Des Moines,Iowa,50335,ntuffeykj@bloglines.com
ST0000741,Lyndell,Dany,642 Morningstar Plaza,Shreveport,Louisiana,71161,ldanykk@sogou.com
ST0000742,Koressa,Simcoe,5 Packers Hill,Honolulu,Hawaii,96820,ksimcoekl@parallels.com
ST0000743,Charlotta,Lysaght,34411 Nelson Terrace,West Palm Beach,Florida,33421,clysaghtkm@columbia.edu
ST0000744,Ephrayim,Winsom,57786 Doe Crossing Crossing,Minneapolis,Minnesota,55407,ewinsomkn@livejournal.com
ST0000745,Lora,Titcomb,273 Vera Junction,San Francisco,California,94147,ltitcombko@ox.ac.uk
ST0000746,Marlena,Christal,15 Hallows Drive,Atlanta,Georgia,30386,mchristalkp@amazonaws.com
ST0000747,Nikita,Goodban,75 Forest Dale Terrace,Pompano Beach,Florida,33064,ngoodbankq@ucla.edu
ST0000748,Nata,Manston,979 Darwin Plaza,Phoenix,Arizona,85005,nmanstonkr@macromedia.com
ST0000749,Ephraim,Guidera,24 Butterfield Street,Washington,District of Columbia,20442,eguideraks@bluehost.com
ST0000750,Evvie,Mahaddie,507 Ohio Junction,Gainesville,Florida,32605,emahaddiekt@addthis.com
ST0000751,Fredi,Hatherell,7160 Forest Dale Trail,Concord,California,94522,fhatherellku@forbes.com
ST0000752,Katina,MacTurlough,15405 Grayhawk Drive,Washington,District of Columbia,20215,kmacturloughkv@sphinn.com
ST0000753,Bren,Whorall,939 Iowa Hill,Saginaw,Michigan,48609,bwhorallkw@arizona.edu
ST0000754,Neall,De Giovanni,21350 Hoard Way,Winter Haven,Florida,33884,ndegiovannikx@dell.com
ST0000755,Costa,Garaway,642 Lindbergh Street,Wichita,Kansas,67220,cgarawayky@dagondesign.com
ST0000756,Emile,Karlsen,7862 Hovde Hill,Indianapolis,Indiana,46221,ekarlsenkz@ezinearticles.com
ST0000757,Rebecca,Monckton,9 Nancy Court,Bakersfield,California,93311,rmoncktonl0@redcross.org
ST0000758,Bret,Tinman,44 Granby Terrace,Tulsa,Oklahoma,74149,btinmanl1@microsoft.com
ST0000759,Dareen,Cunde,6936 Union Avenue,Charlotte,North Carolina,28284,dcundel2@smugmug.com
ST0000760,Jannelle,Erskine Sandys,1 Melrose Plaza,Englewood,Colorado,80150,jerskinesandysl3@house.gov
ST0000761,Ado,Hateley,1 Dahle Plaza,Delray Beach,Florida,33448,ahateleyl4@homestead.com
ST0000762,Jacintha,Reilinger,642 Dapin Drive,Brooklyn,New York,11210,jreilingerl5@printfriendly.com
ST0000763,Harriot,Gheorghie,5261 Fair Oaks Avenue,Boston,Massachusetts,2203,hgheorghiel6@lulu.com
ST0000764,Neale,Fowgies,4410 Maple Wood Park,Ann Arbor,Michigan,48107,nfowgiesl7@hp.com
ST0000765,Liam,Marthen,52 Butternut Avenue,Denver,Colorado,80291,lmarthenl8@si.edu
ST0000766,Jorrie,Tremonte,6 Anthes Center,Orlando,Florida,32819,jtremontel9@thetimes.co.uk
ST0000767,Constantino,Scading,202 Service Park,Pasadena,California,91103,cscadingla@toplist.cz
ST0000768,Donetta,Brent,54 New Castle Hill,Fort Myers,Florida,33913,dbrentlb@marketwatch.com
ST0000769,Jacquenetta,Barkus,73 Hanson Road,Berkeley,California,94712,jbarkuslc@independent.co.uk
ST0000770,Fielding,Abelov,0 Nobel Place,Stockton,California,95205,fabelovld@last.fm
ST0000771,Zebulon,Romagnosi,166 Badeau Park,El Paso,Texas,88563,zromagnosile@nifty.com
ST0000772,Ermina,Ortiger,50 Independence Center,Harrisburg,Pennsylvania,17126,eortigerlf@opensource.org
ST0000773,Salvatore,Veljes,1808 Portage Lane,Nashville,Tennessee,37205,sveljeslg@netvibes.com
ST0000774,Wang,Keyho,4418 Linden Alley,Columbus,Georgia,31914,wkeyholh@1und1.de
ST0000775,Torrence,Chaters,6639 Sullivan Court,Lancaster,Pennsylvania,17622,tchatersli@epa.gov
ST0000776,Lila,Helliar,2 Darwin Pass,Washington,District of Columbia,56944,lhelliarlj@rediff.com
ST0000777,Valerye,McLean,7931 Killdeer Road,Tulsa,Oklahoma,74141,vmcleanlk@etsy.com
ST0000778,Mellie,Llywarch,41 Pleasure Pass,Alexandria,Virginia,22309,mllywarchll@ft.com
ST0000779,Clem,Trewin,2426 Sutteridge Parkway,South Bend,Indiana,46634,ctrewinlm@meetup.com
ST0000780,Randall,Daniely,11206 Knutson Circle,Tucson,Arizona,85725,rdanielyln@csmonitor.com
ST0000781,Astra,Jouanny,386 Kropf Point,Lafayette,Louisiana,70505,ajouannylo@wordpress.com
ST0000782,Keene,Chafer,6054 Sauthoff Road,Oakland,California,94605,kchaferlp@fotki.com
ST0000783,Nessie,Burgen,6 Emmet Trail,Washington,District of Columbia,20414,nburgenlq@usa.gov
ST0000784,Millisent,Castanares,5 Merchant Road,Charlotte,North Carolina,28225,mcastanareslr@usda.gov
ST0000785,Durant,Huxter,6 Colorado Park,Herndon,Virginia,22070,dhuxterls@oracle.com
ST0000786,Josias,Ivakhno,3468 Troy Drive,Mesquite,Texas,75185,jivakhnolt@telegraph.co.uk
ST0000787,Analise,Spinage,79 Nancy Terrace,Jackson,Mississippi,39282,aspinagelu@elegantthemes.com
ST0000788,Roddie,Bristowe,4 Bultman Road,Longview,Texas,75605,rbristowelv@linkedin.com
ST0000789,Dominic,Pontefract,76 Meadow Vale Alley,Las Vegas,Nevada,89115,dpontefractlw@loc.gov
ST0000790,Sharlene,Rickarsey,3 Ludington Pass,Oklahoma City,Oklahoma,73135,srickarseylx@chicagotribune.com
ST0000791,Anett,Heustace,4 Karstens Center,Los Angeles,California,90025,aheustacely@princeton.edu
ST0000792,Lusa,Scammell,12010 Everett Parkway,Sparks,Nevada,89436,lscammelllz@jugem.jp
ST0000793,Garrott,Milkins,7612 Superior Court,Atlanta,Georgia,30323,gmilkinsm0@simplemachines.org
ST0000794,Randy,Galton,80 Brown Avenue,Fort Lauderdale,Florida,33315,rgaltonm1@skype.com
ST0000795,Marj,Crees,22804 Spohn Hill,Houston,Texas,77240,mcreesm2@mlb.com
ST0000796,Jade,Seely,2 Forster Park,Hialeah,Florida,33013,jseelym3@boston.com
ST0000797,Merilyn,Ashwin,7218 Pepper Wood Way,Saint Petersburg,Florida,33737,mashwinm4@sitemeter.com
ST0000798,Rance,Sevier,948 Schiller Point,Crawfordsville,Indiana,47937,rsevierm5@noaa.gov
ST0000799,Eugenie,Fort,7 Michigan Avenue,Des Moines,Iowa,50315,efortm6@360.cn
ST0000800,Sabra,Witchard,9668 Hauk Lane,Fort Lauderdale,Florida,33345,switchardm7@cbsnews.com
ST0000801,Fifi,Lamp,816 Norway Maple Street,Evansville,Indiana,47732,flampm8@blinklist.com
ST0000802,Kessiah,Kupka,8248 Northland Court,Arlington,Virginia,22225,kkupkam9@fotki.com
ST0000803,Vere,Pawling,82406 Eagle Crest Hill,Eugene,Oregon,97405,vpawlingma@usa.gov
ST0000804,Magdalene,Grundy,8 5th Court,Miami,Florida,33142,mgrundymb@dedecms.com
ST0000805,Hettie,Hourston,99517 Luster Street,Montgomery,Alabama,36134,hhourstonmc@utexas.edu
ST0000806,Trista,Bowser,467 Jana Point,Omaha,Nebraska,68110,tbowsermd@soundcloud.com
ST0000807,Boycie,Bondley,3459 Bartelt Terrace,San Jose,California,95194,bbondleyme@blogger.com
ST0000808,Twyla,Borleace,49 Schlimgen Circle,Baton Rouge,Louisiana,70820,tborleacemf@wikispaces.com
ST0000809,Chev,Trever,53860 Rockefeller Parkway,Phoenix,Arizona,85099,ctrevermg@macromedia.com
ST0000810,Cissy,De Ambrosis,0 Melby Lane,Canton,Ohio,44710,cdeambrosismh@netlog.com
ST0000811,Trista,Phipps,95 International Circle,Fort Myers,Florida,33906,tphippsmi@kickstarter.com
ST0000812,Inesita,Cordoba,6117 Merchant Crossing,Washington,District of Columbia,20580,icordobamj@gizmodo.com
ST0000813,Wayne,Arnholtz,490 Eliot Way,Jefferson City,Missouri,65105,warnholtzmk@howstuffworks.com
ST0000814,Karlene,Wissbey,6647 Sugar Point,Rochester,Minnesota,55905,kwissbeyml@cyberchimps.com
ST0000815,Drusilla,Balas,2118 Bay Pass,Young America,Minnesota,55551,dbalasmm@unc.edu
ST0000816,Roselle,Delmonti,3511 Vahlen Place,Boston,Massachusetts,2104,rdelmontimn@slashdot.org
ST0000817,Simone,Shirtliff,9295 Evergreen Pass,El Paso,Texas,88584,sshirtliffmo@slashdot.org
ST0000818,Lucy,Tousey,437 Gateway Hill,Pasadena,California,91186,ltouseymp@flickr.com
ST0000819,Cesaro,Lyal,26653 Caliangt Circle,Stamford,Connecticut,6905,clyalmq@cbsnews.com
ST0000820,Karoline,De Carteret,896 Morrow Trail,Honolulu,Hawaii,96850,kdecarteretmr@seattletimes.com
ST0000821,Cherilynn,Danev,84213 Ronald Regan Junction,North Hollywood,California,91606,cdanevms@123-reg.co.uk
ST0000822,Spike,Akrigg,1719 Marquette Road,Memphis,Tennessee,38126,sakriggmt@engadget.com
ST0000823,Leland,Sharpus,8770 Hoard Alley,Bellevue,Washington,98008,lsharpusmu@goodreads.com
ST0000824,Vivienne,O'Regan,5 Carioca Pass,Trenton,New Jersey,8619,voreganmv@ycombinator.com
ST0000825,Cherye,Washington,398 Moland Parkway,Glendale,Arizona,85305,cwashingtonmw@constantcontact.com
ST0000826,Alis,Trundle,0 Linden Pass,Las Cruces,New Mexico,88006,atrundlemx@last.fm
ST0000827,Del,Pridgeon,44349 Nobel Center,Corona,California,92883,dpridgeonmy@pen.io
ST0000828,Jessamyn,O'Fihily,38 Corscot Road,Knoxville,Tennessee,37919,jofihilymz@berkeley.edu
ST0000829,Worden,McPhelimey,44379 Holy Cross Crossing,Abilene,Texas,79699,wmcphelimeyn0@wufoo.com
ST0000830,Ana,Ladel,85310 Bluestem Alley,Alpharetta,Georgia,30022,aladeln1@discovery.com
ST0000831,Berny,Peyzer,1923 Surrey Avenue,Pensacola,Florida,32511,bpeyzern2@loc.gov
ST0000832,Lenci,Loade,9 Oakridge Way,Fort Worth,Texas,76115,lloaden3@wsj.com
ST0000833,Rhianon,Codlin,69013 Truax Pass,Winston Salem,North Carolina,27105,rcodlinn4@indiatimes.com
ST0000834,Odilia,Vink,936 North Park,Hartford,Connecticut,6105,ovinkn5@indiegogo.com
ST0000835,Grier,Cleyne,4761 Union Lane,Sioux City,Iowa,51110,gcleynen6@nasa.gov
ST0000836,Luke,Renahan,3 Prairie Rose Parkway,Fort Wayne,Indiana,46825,lrenahann7@nyu.edu
ST0000837,Thea,Sirett,728 Ridge Oak Way,Waterbury,Connecticut,6726,tsirettn8@privacy.gov.au
ST0000838,Wiatt,Brumby,82862 Ronald Regan Pass,Dallas,Texas,75310,wbrumbyn9@squidoo.com
ST0000839,Wesley,Ritter,3949 Nova Way,Kansas City,Missouri,64160,writterna@netscape.com
ST0000840,Ingrid,Scarr,3814 Fair Oaks Crossing,Van Nuys,California,91406,iscarrnb@t-online.de
ST0000841,Alasteir,Remington,0 Dixon Street,Richmond,California,94807,aremingtonnc@goo.gl
ST0000842,Reta,Holah,623 Shelley Street,Santa Cruz,California,95064,rholahnd@shutterfly.com
ST0000843,Francklin,Helmke,303 Thompson Lane,Roanoke,Virginia,24024,fhelmkene@google.cn
ST0000844,Maura,Herkess,6980 Oriole Court,Tampa,Florida,33615,mherkessnf@spotify.com
ST0000845,Rosabelle,Bayston,724 Elmside Road,Charlotte,North Carolina,28247,rbaystonng@businessweek.com
ST0000846,Marianna,Birckmann,92 Knutson Trail,Cincinnati,Ohio,45218,mbirckmannnh@youtube.com
ST0000847,Carlita,Woolam,6093 Canary Drive,Fresno,California,93709,cwoolamni@youtube.com
ST0000848,Reamonn,McRobbie,21 Pepper Wood Alley,Boise,Idaho,83757,rmcrobbienj@earthlink.net
ST0000849,Avigdor,Duckerin,252 Old Gate Road,Mansfield,Ohio,44905,aduckerinnk@usatoday.com
ST0000850,Austin,Swinley,78692 Namekagon Street,Miami,Florida,33147,aswinleynl@liveinternet.ru
ST0000851,Ximenez,Di Maria,35909 Autumn Leaf Point,Honolulu,Hawaii,96850,xdimarianm@bluehost.com
ST0000852,Gabi,Booy,0 Sommers Terrace,Duluth,Minnesota,55805,gbooynn@whitehouse.gov
ST0000853,Emlyn,Besnardeau,5 Dryden Court,Lancaster,Pennsylvania,17605,ebesnardeauno@msu.edu
ST0000854,Carlene,Innes,45 Stuart Center,Bradenton,Florida,34210,cinnesnp@nih.gov
ST0000855,Romeo,Felton,66556 International Plaza,Pasadena,Texas,77505,rfeltonnq@comcast.net
ST0000856,Micheal,Eagger,7 Ronald Regan Place,Staten Island,New York,10310,meaggernr@umich.edu
ST0000857,Bettine,Harbidge,7 Charing Cross Avenue,Birmingham,Alabama,35225,bharbidgens@istockphoto.com
ST0000858,Julita,Joblin,3923 Arapahoe Drive,Fresno,California,93762,jjoblinnt@odnoklassniki.ru
ST0000859,Genevieve,Stud,948 Cascade Park,Concord,California,94522,gstudnu@mail.ru
ST0000860,Penelopa,Fitzjohn,8 Oak Valley Hill,Carson City,Nevada,89706,pfitzjohnnv@si.edu
ST0000861,Trevor,Di Francecshi,45982 Buena Vista Street,Trenton,New Jersey,8608,tdifrancecshinw@hhs.gov
ST0000862,Else,Downie,247 Holy Cross Avenue,Louisville,Kentucky,40220,edownienx@multiply.com
ST0000863,Hewet,Frean,66 John Wall Pass,Colorado Springs,Colorado,80910,hfreanny@newyorker.com
ST0000864,Coriss,Tourle,4586 Mcbride Crossing,Grand Forks,North Dakota,58207,ctourlenz@apple.com
ST0000865,Bevvy,Imlen,1802 Washington Point,Waltham,Massachusetts,2453,bimleno0@freewebs.com
ST0000866,Arturo,Cairney,13 Kim Lane,Phoenix,Arizona,85099,acairneyo1@instagram.com
ST0000867,Oliver,Westpfel,735 Hoepker Road,Colorado Springs,Colorado,80920,owestpfelo2@chicagotribune.com
ST0000868,Gisele,Longcake,12 Prentice Drive,Davenport,Iowa,52809,glongcakeo3@over-blog.com
ST0000869,Kristin,Outright,2 Westerfield Pass,Arlington,Virginia,22217,koutrighto4@xinhuanet.com
ST0000870,Danny,Tilliard,74 Buell Junction,Syracuse,New York,13205,dtilliardo5@va.gov
ST0000871,Eugen,Lebbern,2 Blaine Hill,Englewood,Colorado,80150,elebberno6@nbcnews.com
ST0000872,Matthiew,Scothorne,91 Tony Junction,Aurora,Colorado,80015,mscothorneo7@w3.org
ST0000873,Pierson,Mawford,23 Larry Junction,New York City,New York,10039,pmawfordo8@ca.gov
ST0000874,Filippa,Di Batista,620 Amoth Alley,Grand Junction,Colorado,81505,fdibatistao9@discuz.net
ST0000875,Dyanne,Reilinger,5616 Continental Park,Los Angeles,California,90094,dreilingeroa@geocities.com
ST0000876,Darryl,MacGillivrie,2755 3rd Point,Waltham,Massachusetts,2453,dmacgillivrieob@wikispaces.com
ST0000877,Kipp,Tomes,3 Hovde Crossing,Littleton,Colorado,80126,ktomesoc@discovery.com
ST0000878,Husein,Quested,203 Charing Cross Pass,Saint Louis,Missouri,63131,hquestedod@cornell.edu
ST0000879,Ferd,Caton,52163 Center Way,Evanston,Illinois,60208,fcatonoe@amazon.co.uk
ST0000880,Kris,Lacroutz,544 Vernon Center,Los Angeles,California,90015,klacroutzof@techcrunch.com
ST0000881,Alexandr,Nehl,5102 Northwestern Park,Appleton,Wisconsin,54915,anehlog@columbia.edu
ST0000882,Shela,Karoly,257 Sauthoff Place,Lafayette,Louisiana,70505,skarolyoh@github.com
ST0000883,Godiva,Gingold,5374 Brickson Park Plaza,Oakland,California,94660,ggingoldoi@about.com
ST0000884,Kata,Oakhill,90 Hayes Trail,Las Vegas,Nevada,89193,koakhilloj@yellowbook.com
ST0000885,Filide,Rawls,4941 Waxwing Place,Indianapolis,Indiana,46278,frawlsok@ocn.ne.jp
ST0000886,Rasla,Whiffin,0 Oakridge Point,Muncie,Indiana,47306,rwhiffinol@godaddy.com
ST0000887,Fred,Gateshill,2 John Wall Street,New Brunswick,New Jersey,8922,fgateshillom@samsung.com
ST0000888,Skye,Kohrding,29823 Mesta Street,Arlington,Virginia,22234,skohrdingon@ibm.com
ST0000889,Dilan,Brittoner,3415 Waxwing Crossing,Kansas City,Missouri,64144,dbrittoneroo@google.com.hk
ST0000890,Min,Schankel,86500 Melrose Pass,Providence,Rhode Island,2912,mschankelop@mashable.com
ST0000891,Vern,Sanbrooke,50962 Marquette Circle,Trenton,New Jersey,8638,vsanbrookeoq@ft.com
ST0000892,Yolanda,Siflet,862 Eastwood Lane,Reno,Nevada,89595,ysifletor@storify.com
ST0000893,Raddy,Glavias,88 Summit Road,Memphis,Tennessee,38168,rglaviasos@nbcnews.com
ST0000894,Annmarie,Elphey,56440 Kipling Point,Memphis,Tennessee,38114,aelpheyot@lycos.com
ST0000895,Klemens,Taggett,5 Anthes Terrace,Melbourne,Florida,32919,ktaggettou@usda.gov
ST0000896,Onida,Zmitrichenko,55714 Kings Court,New York City,New York,10249,ozmitrichenkoov@businessweek.com
ST0000897,Beryl,Sawers,1 Reinke Terrace,Houston,Texas,77095,bsawersow@flavors.me
ST0000898,Pavel,Jakubczyk,347 Canary Alley,Denver,Colorado,80291,pjakubczykox@linkedin.com
ST0000899,Simmonds,Aveline,748 Leroy Point,Roanoke,Virginia,24029,savelineoy@multiply.com
ST0000900,Carroll,Brabender,77 Sundown Trail,Memphis,Tennessee,38150,cbrabenderoz@spiegel.de
ST0000901,Travis,Deal,1 Delladonna Circle,New York City,New York,10009,tdealp0@statcounter.com
ST0000902,Winona,Asquez,89698 Dexter Junction,Boise,Idaho,83705,wasquezp1@ox.ac.uk
ST0000903,Cyril,Weben,5 Ridgeway Crossing,Pittsburgh,Pennsylvania,15286,cwebenp2@lycos.com
ST0000904,Milena,Coatsworth,5 Birchwood Trail,Boynton Beach,Florida,33436,mcoatsworthp3@fema.gov
ST0000905,Barbi,Rookes,599 Ronald Regan Center,Kansas City,Missouri,64199,brookesp4@hhs.gov
ST0000906,Pierrette,Hughland,467 Browning Junction,Prescott,Arizona,86305,phughlandp5@springer.com
ST0000907,Richie,Lefwich,97 Nancy Hill,Cedar Rapids,Iowa,52405,rlefwichp6@wired.com
ST0000908,Godard,Philipard,5753 Warrior Way,Odessa,Texas,79764,gphilipardp7@surveymonkey.com
ST0000909,Algernon,Twidell,7 Green Pass,Baltimore,Maryland,21281,atwidellp8@artisteer.com
ST0000910,Anthea,Jessopp,3334 Mesta Court,Baton Rouge,Louisiana,70815,ajessoppp9@surveymonkey.com
ST0000911,Ami,Gorham,18 Mesta Street,Houston,Texas,77271,agorhampa@forbes.com
ST0000912,Quinton,Goodrum,0 Iowa Drive,Irving,Texas,75037,qgoodrumpb@ted.com
ST0000913,Bettye,Clineck,142 Hintze Road,Milwaukee,Wisconsin,53285,bclineckpc@chronoengine.com
ST0000914,Erich,Dunbobbin,141 Oak Valley Lane,Juneau,Alaska,99812,edunbobbinpd@sciencedirect.com
ST0000915,Jenifer,Attoe,6546 Pierstorff Parkway,Huntsville,Alabama,35895,jattoepe@deliciousdays.com
ST0000916,Erminie,Brumby,816 Darwin Street,New York City,New York,10260,ebrumbypf@cyberchimps.com
ST0000917,Eldridge,Stit,98 Oak Terrace,San Francisco,California,94116,estitpg@scribd.com
ST0000918,Beret,Pietsma,339 Anhalt Center,Amarillo,Texas,79105,bpietsmaph@squidoo.com
ST0000919,Byrom,Hoys,6 Iowa Drive,Des Moines,Iowa,50315,bhoyspi@telegraph.co.uk
ST0000920,Arney,Klimuk,2056 Trailsway Hill,Pasadena,California,91186,aklimukpj@timesonline.co.uk
ST0000921,Annadiane,Blasius,9157 Donald Trail,South Bend,Indiana,46699,ablasiuspk@mapquest.com
ST0000922,Joya,Rops,85 Talisman Parkway,Rochester,New York,14609,jropspl@nsw.gov.au
ST0000923,Verne,Gruszka,7 Paget Point,San Diego,California,92137,vgruszkapm@bbc.co.uk
ST0000924,Eleanore,Beswell,21025 Manley Place,Irving,Texas,75037,ebeswellpn@joomla.org
ST0000925,Kynthia,De Laspee,471 Erie Court,Garland,Texas,75044,kdelaspeepo@pbs.org
ST0000926,Robinet,Peidro,9907 Oneill Circle,Baton Rouge,Louisiana,70820,rpeidropp@va.gov
ST0000927,Marijo,Campbell-Dunlop,48208 Spenser Avenue,Dallas,Texas,75226,mcampbelldunloppq@wufoo.com
ST0000928,Gaye,LAbbet,89483 Arizona Lane,Sarasota,Florida,34276,glabbetpr@mit.edu
ST0000929,Vasili,Dunbleton,4982 Melrose Drive,Las Vegas,Nevada,89193,vdunbletonps@weebly.com
ST0000930,Lida,Bau,84 Sutteridge Road,West Palm Beach,Florida,33421,lbaupt@ocn.ne.jp
ST0000931,Cletus,Neames,2364 Forest Run Trail,Toledo,Ohio,43605,cneamespu@networkadvertising.org
ST0000932,Matti,Underhill,23 Rockefeller Drive,Kansas City,Missouri,64109,munderhillpv@myspace.com
ST0000933,Amabel,Boldt,18 Texas Pass,Washington,District of Columbia,20430,aboldtpw@dyndns.org
ST0000934,Tiena,Parr,1 Anzinger Parkway,Boston,Massachusetts,2203,tparrpx@flickr.com
ST0000935,Ash,Farbrace,6 Pennsylvania Circle,Amarillo,Texas,79165,afarbracepy@wikimedia.org
ST0000936,Teodor,Gheerhaert,3221 Parkside Trail,Lynchburg,Virginia,24503,tgheerhaertpz@macromedia.com
ST0000937,Inesita,Petrina,9403 Vera Road,Atlanta,Georgia,30301,ipetrinaq0@nationalgeographic.com
ST0000938,Deedee,Gurge,3452 Iowa Hill,Fresno,California,93750,dgurgeq1@kickstarter.com
ST0000939,Laurianne,Flageul,42373 Harbort Trail,Fort Lauderdale,Florida,33310,lflageulq2@about.com
ST0000940,Petr,Lening,90 Memorial Park,Columbus,Ohio,43215,pleningq3@bluehost.com
ST0000941,Adair,Scare,94 Havey Drive,Miami,Florida,33261,ascareq4@meetup.com
ST0000942,Farra,Rushford,3136 Sommers Place,Bronx,New York,10469,frushfordq5@howstuffworks.com
ST0000943,Evangelin,Lawlan,2119 Warrior Court,Pittsburgh,Pennsylvania,15220,elawlanq6@squidoo.com
ST0000944,Billy,Dimmock,69 Mayer Pass,Austin,Texas,78703,bdimmockq7@mlb.com
ST0000945,Mireielle,Sodeau,735 Butterfield Circle,New Castle,Pennsylvania,16107,msodeauq8@yolasite.com
ST0000946,Kinsley,Bowdrey,8 Chive Hill,Sioux Falls,South Dakota,57105,kbowdreyq9@is.gd
ST0000947,Brade,Rodger,1 Grayhawk Parkway,Louisville,Kentucky,40287,brodgerqa@marketwatch.com
ST0000948,Garry,Mottini,26 Little Fleur Avenue,Washington,District of Columbia,20535,gmottiniqb@google.pl
ST0000949,Binny,Engley,51 Glendale Way,Syracuse,New York,13224,bengleyqc@studiopress.com
ST0000950,Mari,Botham,63 Kipling Street,Chesapeake,Virginia,23324,mbothamqd@youtu.be
ST0000951,Stace,Gritskov,9666 Granby Alley,Corpus Christi,Texas,78405,sgritskovqe@discuz.net
ST0000952,Jefferey,Gleader,125 Fairfield Street,Jackson,Mississippi,39216,jgleaderqf@theguardian.com
ST0000953,Gill,Baterip,6772 Artisan Junction,Tallahassee,Florida,32399,gbateripqg@earthlink.net
ST0000954,Kayne,Rubes,2072 Barnett Circle,Las Vegas,Nevada,89135,krubesqh@disqus.com
ST0000955,Bartlet,Rilton,403 Hovde Street,San Diego,California,92110,briltonqi@sfgate.com
ST0000956,Myrtie,Cannan,81938 Crescent Oaks Avenue,San Diego,California,92186,mcannanqj@cnn.com
ST0000957,Damaris,Garrett,647 Commercial Plaza,Springfield,Illinois,62776,dgarrettqk@exblog.jp
ST0000958,Nealon,Tie,8054 Moland Junction,Troy,Michigan,48098,ntieql@t-online.de
ST0000959,Kelcie,Fleischer,674 Westerfield Alley,Philadelphia,Pennsylvania,19184,kfleischerqm@uiuc.edu
ST0000960,Ansley,Bartoletti,4 Mesta Terrace,Fargo,North Dakota,58122,abartolettiqn@com.com
ST0000961,Guthry,Blogg,470 Glendale Point,White Plains,New York,10606,gbloggqo@bbc.co.uk
ST0000962,Rowland,O'Keevan,486 Barnett Drive,Pittsburgh,Pennsylvania,15220,rokeevanqp@trellian.com
ST0000963,Bea,Vasyukhnov,16793 Lakeland Street,Raleigh,North Carolina,27626,bvasyukhnovqq@independent.co.uk
ST0000964,Cinnamon,Hayen,430 Sunfield Crossing,Trenton,New Jersey,8619,chayenqr@wiley.com
ST0000965,Bonita,Mattheissen,77368 Mallard Place,Tuscaloosa,Alabama,35405,bmattheissenqs@yandex.ru
ST0000966,Heddie,Labbey,64 Continental Lane,Saint Paul,Minnesota,55172,hlabbeyqt@arstechnica.com
ST0000967,Clevey,Pentycross,9523 Golf Course Center,Fresno,California,93778,cpentycrossqu@people.com.cn
ST0000968,Almire,Jaxon,1 Monterey Plaza,Laredo,Texas,78044,ajaxonqv@studiopress.com
ST0000969,Roy,Hanaford,8 Blackbird Avenue,Chicago,Illinois,60604,rhanafordqw@vinaora.com
ST0000970,Nance,Brugden,20983 West Street,Spokane,Washington,99260,nbrugdenqx@nationalgeographic.com
ST0000971,Sampson,Ostick,87 Warrior Parkway,Vancouver,Washington,98687,sostickqy@github.io
ST0000972,Fidole,Townby,10 Crownhardt Court,New Orleans,Louisiana,70142,ftownbyqz@godaddy.com
ST0000973,Gates,Janaszkiewicz,29 David Trail,Huntsville,Alabama,35810,gjanaszkiewiczr0@craigslist.org
ST0000974,Merwyn,Phidgin,79 Express Lane,Texarkana,Texas,75507,mphidginr1@accuweather.com
ST0000975,Rickey,Doak,846 Bunting Drive,Fort Myers,Florida,33913,rdoakr2@ihg.com
ST0000976,Celestia,Corona,4 Linden Park,Stockton,California,95298,ccoronar3@opensource.org
ST0000977,Cristina,Barfford,983 Pierstorff Park,Saint Joseph,Missouri,64504,cbarffordr4@irs.gov
ST0000978,Fern,Sogg,49033 3rd Parkway,Miami,Florida,33124,fsoggr5@soup.io
ST0000979,Leela,Swidenbank,801 Cascade Place,Seattle,Washington,98195,lswidenbankr6@dion.ne.jp
ST0000980,Katlin,Dubery,14 Esker Circle,South Bend,Indiana,46620,kduberyr7@yahoo.co.jp
ST0000981,Sigismundo,Heathorn,5 Kensington Hill,Houston,Texas,77065,sheathornr8@ameblo.jp
ST0000982,Carlie,Toffoloni,39612 Calypso Court,Minneapolis,Minnesota,55470,ctoffolonir9@army.mil
ST0000983,Monah,Ebenezer,381 Esker Road,El Paso,Texas,79955,mebenezerra@wunderground.com
ST0000984,Fax,Brodeur,1 Manitowish Plaza,Van Nuys,California,91499,fbrodeurrb@psu.edu
ST0000985,Janice,Morhall,2113 Debs Avenue,East Saint Louis,Illinois,62205,jmorhallrc@sogou.com
ST0000986,Renie,Craise,1035 Main Alley,Buffalo,New York,14263,rcraiserd@alexa.com
ST0000987,Heddi,Saltmarshe,4154 Hauk Road,Las Vegas,Nevada,89140,hsaltmarshere@examiner.com
ST0000988,Morton,Leveridge,23 Straubel Circle,Duluth,Georgia,30195,mleveridgerf@japanpost.jp
ST0000989,Brandice,Crampin,3942 Kennedy Center,Omaha,Nebraska,68110,bcrampinrg@webnode.com
ST0000990,Patti,Disbrey,12 Goodland Hill,Wichita Falls,Texas,76310,pdisbreyrh@51.la
ST0000991,Birgitta,Mixter,7627 Kenwood Center,Saint Louis,Missouri,63131,bmixterri@ning.com
ST0000992,Shaine,Suddick,246 Saint Paul Trail,Pittsburgh,Pennsylvania,15266,ssuddickrj@miitbeian.gov.cn
ST0000993,Baillie,Craster,91 Sullivan Crossing,Atlanta,Georgia,30343,bcrasterrk@canalblog.com
ST0000994,Toddie,Torre,529 Tennyson Court,Omaha,Nebraska,68164,ttorrerl@ycombinator.com
ST0000995,Athene,Leemans,14832 Hooker Lane,Raleigh,North Carolina,27690,aleemansrm@e-recht24.de
ST0000996,Meara,Merrywether,580 Kensington Parkway,Houston,Texas,77228,mmerrywetherrn@addtoany.com
ST0000997,Nickola,Gabby,7608 Sloan Point,El Paso,Texas,88584,ngabbyro@economist.com
ST0000998,Reagan,Caukill,48941 Portage Hill,Little Rock,Arkansas,72231,rcaukillrp@go.com
ST0000999,Tymon,Northin,208 Dapin Hill,New York City,New York,10270,tnorthinrq@163.com
ST0001000,Ketti,Northcliffe,478 Hoard Hill,Henderson,Nevada,89012,knorthclifferr@discovery.com